"","ID","Condition","Timepoints","Task","Channel_1","Channel_2","Channel_3","Channel_4","Channel_5","Channel_6","Channel_7","Channel_8","Channel_9","Channel_10","Channel_11","Channel_12","Channel_13","Channel_14","Channel_15","Channel_16","Channel_17","Channel_18","Channel_19","Channel_20","R_DLPFC","L_DLPFC","MPFC","R_VLPFC","L_VLPFC"
"1","FN_030","Placebo","T1_Pre_drug","NBack_2",3.61e-08,2.59e-08,3.15e-08,-3.12e-07,-1.35e-07,-4.02e-07,-2.07e-07,1.23e-07,5.27e-08,2.2e-07,-3.58e-07,-3.21e-07,-5.03e-07,-9.6e-08,8.48e-08,-1.96e-07,1.86e-07,1.26e-07,-3.01e-07,1.24e-07,1.54e-07,1.25e-08,-1.43e-07,-2.19e-07,-2.6e-07
"2","FN_031","Placebo","T1_Pre_drug","NBack_2",1.25e-07,2.54e-07,-1.04e-07,-3.93e-07,2.46e-07,-5.38e-08,1.45e-07,3.26e-07,4.09e-07,3.75e-07,-6.39e-07,-7.81e-08,-7.71e-07,2e-07,1.76e-07,-3.44e-07,2.31e-07,-1.89e-07,-5.38e-07,-2.01e-07,1.48e-07,2.38e-07,1.69e-07,-4.64e-07,-2.98e-07
"3","FN_032","Placebo","T1_Pre_drug","NBack_2",-3.22e-08,-9.86e-08,5.4e-09,1.53e-08,-4.84e-07,-7.66e-07,-2.46e-07,-1.27e-07,-3.48e-07,-2.98e-07,-4.13e-07,-6.23e-07,-2.06e-07,-2.76e-07,-8.03e-08,2.51e-07,-1.4e-07,1.42e-08,5.37e-08,3.39e-07,-1.26e-07,-1.86e-07,-3.73e-07,1.09e-07,-2.89e-07
"4","FN_035","Placebo","T1_Pre_drug","NBack_2",2.26e-07,-7.89e-08,6.18e-10,-5.54e-08,-1.25e-07,5.43e-08,-1.17e-07,-2.96e-08,7.37e-08,2.6e-08,-1.19e-07,8.87e-08,-3.61e-07,7.74e-08,1.18e-07,4.54e-09,3.53e-07,-3.1e-07,-3.18e-07,-4.76e-08,4.68e-08,-2.08e-09,3.07e-08,-1.81e-07,-2.99e-08
"5","FN_036","Placebo","T1_Pre_drug","NBack_2",-1.51e-07,-4.25e-07,-1.48e-07,-2.29e-07,-4.35e-07,-7.36e-07,-8.18e-07,-4.24e-07,-4.49e-07,-3.44e-07,-6.18e-07,-7.11e-07,-1.01e-06,-6.73e-07,-2.34e-07,-4.23e-07,-3e-07,-3.6e-07,-3.97e-07,-4.29e-07,-3.09e-07,-3.59e-07,-6.63e-07,-5.65e-07,-4.33e-07
"6","FN_037","Placebo","T1_Pre_drug","NBack_2",2.61e-08,-1.1e-08,1.06e-07,4.54e-07,-1.3e-07,1.41e-07,1.84e-08,-1.61e-07,6.15e-08,-1.49e-07,-1.27e-07,-1.85e-08,-1.35e-08,-1.17e-07,-9.24e-08,9.05e-08,4e-08,1.72e-07,4.4e-07,1.55e-07,-7.45e-09,-6.9e-08,-1.4e-08,1.68e-07,1.44e-07
"7","FN_039","Placebo","T1_Pre_drug","NBack_2",2.99e-08,-1.28e-07,-1.1e-07,-3.3e-07,-1.43e-07,-2.74e-07,-1.97e-07,-1.85e-07,-1.94e-07,-2.54e-07,-9.45e-08,-2.5e-07,-3.26e-07,-2.09e-07,-6.87e-08,-3.16e-07,-1.07e-07,-3.37e-08,-1.24e-07,-2.02e-08,-1.16e-07,-1.06e-07,-2.13e-07,-1.97e-07,-2.02e-07
"8","FN_040","Placebo","T1_Pre_drug","NBack_2",-1.56e-07,-1.1e-06,-2.05e-07,-2.3e-07,-7.03e-07,-5.67e-07,-7.63e-07,-1e-06,-7.27e-07,-5.83e-07,7.22e-07,-4.48e-08,2.29e-07,-4.49e-07,-2.37e-07,-4.01e-07,-4.5e-07,-1.1e-07,-8.36e-08,-9.05e-08,-3.45e-07,-7.42e-07,-4.96e-07,-8.64e-08,-6.98e-08
"9","FN_042","Placebo","T1_Pre_drug","NBack_2",-3.25e-07,-6.4e-07,-3.17e-07,-7.72e-07,-5.59e-07,-2.79e-07,-7.96e-07,-4.66e-07,-5.54e-07,-4.48e-07,-7.03e-07,-7.08e-07,-8.79e-07,-3.01e-07,-4.18e-07,-2.59e-07,-5.43e-07,-6.25e-07,-5.66e-07,-3.28e-07,-5.08e-07,-4.97e-07,-5.9e-07,-5.08e-07,-5.18e-07
"10","FN_043","Placebo","T1_Pre_drug","NBack_2",-1.54e-08,-1.77e-07,5.9e-08,-1.13e-07,-3.25e-07,-2.06e-07,-2.91e-07,-3.03e-07,-2.42e-07,-2.66e-07,1.15e-08,-1.83e-07,-5.86e-08,-2.48e-07,3.65e-08,5.97e-08,1.35e-08,2.33e-07,2.57e-07,3.55e-08,4.1e-09,-2.05e-07,-2.41e-07,7.35e-08,-6.22e-08
"11","FN_045","Placebo","T1_Pre_drug","NBack_2",-7.62e-08,4.68e-08,-2.65e-07,-6.5e-07,-8.44e-08,-5.08e-07,-7.1e-07,1.82e-08,-4.32e-07,-1.04e-07,-5.38e-07,-3.75e-07,8.25e-08,-5.99e-07,-2.13e-07,-6.56e-07,-4.21e-08,1.38e-08,-5.13e-07,-8.4e-08,-8.65e-08,-2.39e-08,-5.29e-07,-2.92e-07,-4.9e-07
"12","FN_046","Placebo","T1_Pre_drug","NBack_2",-3.87e-07,-2.48e-07,-1.07e-07,-5.03e-07,-2.66e-07,-4.97e-07,-6.71e-07,-3.22e-07,-3.17e-07,-3.38e-07,-5.21e-07,-4.48e-07,-8.09e-07,-6.75e-07,-2.4e-07,-3.8e-07,-4.61e-07,-4.42e-07,-6.45e-07,-1.21e-07,-3.7e-07,-3.06e-07,-5.28e-07,-4.89e-07,-4.07e-07
"13","FN_047","Placebo","T1_Pre_drug","NBack_2",-1.05e-08,-1.58e-07,-1.6e-07,-8.32e-08,-1.69e-07,-1.38e-08,9.11e-08,-4.08e-08,-2.47e-08,-1.18e-07,-3.13e-07,-4.19e-07,-2.49e-07,-2.45e-07,1.35e-09,-5.27e-08,-1.06e-07,-1.79e-07,-2.24e-07,-1.12e-07,-1e-07,-9.45e-08,-1.49e-07,-1.59e-07,-1.43e-07
"14","FN_048","Placebo","T1_Pre_drug","NBack_2",2.63e-07,-2.2e-07,5.27e-08,4.05e-07,-2.05e-07,-6.84e-08,-2.39e-07,-8.7e-08,-1.72e-07,-1.82e-07,-3.32e-07,-1.85e-07,2.66e-08,-1.48e-07,-3.11e-08,7.69e-08,-8.1e-08,3.1e-07,1.15e-07,-1.33e-07,3.96e-09,-6.23e-08,-1.86e-07,2.12e-08,1.43e-08
"15","FN_049","Placebo","T1_Pre_drug","NBack_2",1.15e-07,-2.54e-07,-4.94e-08,-2.59e-08,-2.24e-07,-5.82e-09,9.11e-08,-3.41e-07,-9.29e-08,-1.84e-07,-4.58e-08,8.78e-08,1.93e-07,7.61e-08,-2.68e-08,4.31e-08,-4.3e-08,5.78e-08,4.72e-07,-6.77e-08,-4.91e-08,-1.76e-07,4.05e-08,1.6e-07,-3.17e-08
"16","FN_050","Placebo","T1_Pre_drug","NBack_2",-1.42e-07,-2.74e-07,3.83e-08,-2.62e-07,-2.64e-07,-3.17e-07,-2.53e-07,-1.6e-07,-4.25e-07,-1.61e-07,-7.56e-07,-5.16e-07,-8.16e-07,-2.68e-07,-2.05e-07,-3.37e-07,-9.82e-08,-4.15e-07,-5.8e-07,-2.28e-07,-2.2e-07,-2.1e-07,-3.65e-07,-4.9e-07,-3.24e-07
"17","FN_051","Placebo","T1_Pre_drug","NBack_2",5.32e-08,-2.79e-07,-1.14e-07,1.99e-07,-7.65e-08,-1.7e-07,2.09e-08,-1.02e-07,-9.57e-08,-1.13e-07,9.2e-08,1.56e-07,3.8e-07,1.71e-07,1.16e-07,5.34e-08,1.95e-07,2.69e-07,6.47e-08,2.15e-07,1.17e-07,-1.01e-07,6.3e-08,1.78e-07,1.69e-09
"18","FN_052","Placebo","T1_Pre_drug","NBack_2",-5.22e-08,-2.87e-07,5.02e-08,2.55e-07,2.2e-07,2.19e-07,-3.85e-07,1.29e-07,-2.33e-07,1.45e-07,-1.26e-07,-1.93e-07,8.26e-08,-2.84e-07,-2.54e-08,7.64e-08,-1.83e-08,1.5e-07,3.09e-07,4.99e-07,6.3e-08,2.56e-09,-2.74e-07,2.42e-07,9.95e-08
"19","FN_053","Placebo","T1_Pre_drug","NBack_2",5.27e-07,-4.5e-09,2.74e-07,6.46e-07,-6.01e-08,8.72e-08,-4.19e-07,-5.46e-09,-2.02e-07,4.26e-08,-2.26e-07,-7.22e-08,7.15e-07,-2.06e-07,-2.01e-07,5.17e-07,1.34e-07,3.84e-07,4.44e-07,1.6e-07,9.01e-08,1.14e-07,-2.25e-07,4.59e-07,1.95e-07
"20","FN_054","Placebo","T1_Pre_drug","NBack_2",-3.93e-07,-9.89e-09,1.34e-07,-4.15e-07,NA,-9.07e-07,-7.68e-07,NA,NA,-1.03e-06,-1.27e-06,-1.08e-06,-1.17e-06,-1.07e-06,-6.24e-07,-6.61e-07,-1.26e-06,-1.01e-06,-2.81e-07,2.12e-08,-9.81e-07,-2.01e-07,-9.76e-07,-5.23e-07,-6.15e-07
"21","FN_055","Placebo","T1_Pre_drug","NBack_2",2.98e-07,7.32e-07,7.25e-08,3.63e-07,2.03e-07,3.27e-07,1.42e-07,5.28e-07,9.55e-08,2.31e-07,3.01e-07,-8.51e-08,-1.27e-07,-9.11e-08,3.55e-08,1.98e-07,1.88e-07,-3.53e-08,2.52e-07,5.61e-08,1.05e-07,4.4e-07,1.53e-08,9.46e-08,2.66e-07
"22","FN_056","Placebo","T1_Pre_drug","NBack_2",-1.01e-06,-1.32e-06,-5.34e-07,-1.06e-06,-1.18e-06,-1.04e-06,-1.28e-06,-9.53e-07,-9.27e-07,-1.15e-06,-1.62e-06,-1.52e-06,-2.24e-06,-1.16e-06,-8.92e-07,-1.21e-06,-1.15e-06,-2.96e-07,-1.18e-06,-4.02e-07,-8.72e-07,-1.12e-06,-1.22e-06,-1.26e-06,-1.06e-06
"23","FN_057","Placebo","T1_Pre_drug","NBack_2",2.55e-07,3.25e-07,3.04e-07,7.71e-07,1.9e-07,1.98e-07,1.72e-07,2.63e-07,2.01e-07,3.1e-07,4.1e-07,-1.02e-07,5.14e-07,1.71e-07,2.83e-07,3.95e-07,4.67e-07,4.41e-07,6.02e-07,2.19e-07,3.75e-07,2.58e-07,1.1e-07,4.33e-07,4.21e-07
"24","FN_059","Placebo","T1_Pre_drug","NBack_2",-4.64e-07,-9.29e-07,-2.93e-07,-1.08e-06,-8.49e-07,-7.78e-07,-1.11e-06,-9.13e-07,-9.95e-07,-1.02e-06,-1.99e-06,-1.37e-06,-2.46e-06,-1.16e-06,-1.09e-06,-1.54e-06,-1.24e-06,-1.08e-06,-1.42e-06,-5.62e-07,-1.11e-06,-7.89e-07,-1.16e-06,-1.5e-06,-1.04e-06
"25","FN_060","Placebo","T1_Pre_drug","NBack_2",4.76e-07,-6.5e-08,2.46e-07,-2.18e-07,-1.41e-07,-7.75e-07,-4.15e-07,-2.88e-07,-2.48e-07,-7.36e-08,-2.04e-07,-3.34e-07,-3.68e-07,-5.19e-07,-8.46e-08,-2.52e-07,3.86e-08,2.29e-07,1.84e-07,-1.7e-07,2.72e-08,-4.49e-09,-3.79e-07,-1.51e-07,-2.38e-07
"26","FN_061","Placebo","T1_Pre_drug","NBack_2",9.79e-09,-1.21e-07,1.23e-07,9.89e-08,-9.69e-08,-1.55e-07,-2.68e-07,-1.72e-07,-1.57e-07,-3.28e-07,-3.28e-07,-2.58e-07,-2.94e-07,-2.92e-07,-2.45e-07,-2.89e-07,-2.12e-07,-5.55e-09,-4.4e-08,7.47e-08,-1.98e-07,-9.51e-08,-2.44e-07,-1.38e-07,-6.54e-08
"27","FN_062","Placebo","T1_Pre_drug","NBack_2",3.16e-07,-5.47e-07,-1.24e-07,-2.34e-07,-2.81e-07,-6.27e-07,-3.74e-07,-2.92e-07,-2.82e-07,-2.4e-07,-4.95e-07,-2.43e-07,-2.18e-07,-2.88e-07,-1.29e-07,-2.28e-07,-2.59e-07,-1.33e-07,-5.58e-08,-9.42e-09,-1.9e-07,-2.01e-07,-2.96e-07,-1.28e-07,-3.7e-07
"28","FN_063","Placebo","T1_Pre_drug","NBack_2",-1.06e-07,2.25e-08,-4.77e-08,1.18e-07,-1.99e-07,-1.44e-08,-1.6e-07,-1.07e-07,3.96e-08,6.98e-08,4.84e-07,-8.13e-08,2.08e-07,-1.29e-07,2.65e-08,-5.46e-08,4.97e-08,5.38e-08,8.42e-08,-9.67e-09,5e-08,-9.74e-08,-8.28e-08,5.7e-08,1.35e-07
"29","FN_064","Placebo","T1_Pre_drug","NBack_2",8.38e-08,9.95e-08,2.85e-07,5.32e-08,-6.49e-08,-2.92e-08,-8.27e-08,3.48e-08,-9.69e-08,-1.07e-07,-1.47e-07,-8.66e-08,-3.14e-07,-7.64e-08,-1.28e-07,-3.19e-07,-2.58e-08,2.79e-07,-1.03e-08,3.43e-08,4.65e-09,3.83e-08,-8.57e-08,-1.52e-07,4.04e-08
"30","FN_065","Placebo","T1_Pre_drug","NBack_2",-2.23e-07,4.38e-07,3.76e-08,-1.27e-07,1.04e-07,1.42e-08,-7.04e-08,3.02e-07,2.82e-07,1.68e-07,-7.68e-08,-9.44e-08,1.46e-07,1.82e-07,1.9e-08,3.01e-07,-8.35e-08,-3.87e-08,-1.45e-07,4.38e-08,1.62e-08,1.55e-07,7.48e-08,8.63e-08,-3.81e-08
"31","FN_066","Placebo","T1_Pre_drug","NBack_2",2.14e-07,7.65e-08,9.74e-08,1.6e-07,1.79e-08,3.43e-07,-4.77e-08,-3.16e-08,2.32e-08,-7.97e-08,4.29e-07,1.51e-07,7.38e-07,9.48e-08,1.49e-08,3.31e-07,5.02e-08,1.39e-07,4.38e-07,-4.39e-08,3.11e-08,6.91e-08,5.52e-08,3.66e-07,2.57e-07
"32","FN_067","Placebo","T1_Pre_drug","NBack_2",-3.39e-07,-1.58e-07,-1.27e-07,-4.83e-07,-3.74e-07,-4.44e-07,-3.1e-07,7.23e-08,-1.39e-07,1.73e-07,-2.02e-07,-5.28e-08,1.9e-07,-4.16e-07,-3.19e-07,-1.21e-07,2.29e-07,-1.36e-07,1.72e-07,-2.6e-07,-1.34e-08,-2e-07,-2.3e-07,-4.61e-09,-3.14e-07
"33","FN_068","Placebo","T1_Pre_drug","NBack_2",-1.16e-08,-6.69e-08,2.17e-07,4.5e-07,-1.27e-07,3.84e-08,-1.65e-07,-8.2e-08,-1.55e-07,-1.12e-07,8.72e-08,-1.05e-07,-9.72e-08,-1.46e-07,-1.55e-07,-3.62e-08,-3.97e-08,3.61e-08,4.31e-07,7.15e-08,-6.77e-08,-7.19e-08,-1.43e-07,9.23e-08,1.98e-07
"34","FN_070","Placebo","T1_Pre_drug","NBack_2",3.52e-08,6.38e-08,-1.66e-07,5.09e-08,8.7e-08,-3.09e-07,-3.76e-07,2.41e-07,3.41e-08,2.93e-07,-5.49e-07,-4.15e-07,2.31e-08,-1.01e-07,-9.76e-08,2.1e-08,2.45e-07,1.46e-07,6.58e-07,2.2e-07,1.46e-07,1.07e-07,-2.14e-07,2.3e-07,-2.43e-07
"35","FN_071","Placebo","T1_Pre_drug","NBack_2",-7.84e-08,2.06e-09,-1.85e-08,-2.43e-07,4.43e-09,-1.98e-07,-1.9e-07,-2.49e-08,-7.32e-08,-1.3e-08,-3.69e-07,-1.76e-07,-3.41e-07,-2.56e-07,-4.98e-08,-1.81e-07,-4.13e-08,-3.3e-08,-2.86e-07,-2.64e-08,-3.43e-08,-2.42e-08,-1.74e-07,-2.09e-07,-2.07e-07
"36","FN_072","Placebo","T1_Pre_drug","NBack_2",2.55e-07,7.06e-08,3.08e-07,1.72e-06,-5.13e-08,6.69e-07,-2.12e-07,1.64e-07,-8.17e-08,1.83e-07,6.87e-07,-8.04e-08,6.19e-07,-2.37e-07,-5.03e-08,3.99e-07,1.8e-07,4.27e-07,1.32e-06,4.13e-08,1.85e-07,1.09e-07,-1.53e-07,5.96e-07,8.45e-07
"37","FN_073","Placebo","T1_Pre_drug","NBack_2",1.02e-07,9.95e-08,1.06e-07,1.74e-07,7.49e-10,-3.32e-07,-6.71e-08,-2.21e-07,-6.86e-09,-1.29e-08,-1.27e-07,-1.68e-07,-8.74e-09,-1.29e-07,-1.09e-07,-4.5e-09,-1.91e-07,7.23e-08,1.41e-07,1.53e-08,-6.01e-08,-4.74e-09,-9.26e-08,3.57e-08,-4.46e-08
"38","FN_075","Placebo","T1_Pre_drug","NBack_2",-3.41e-07,5.37e-08,-8.81e-08,-3.4e-07,-2.1e-07,-7.6e-07,-7.79e-07,-6e-08,-4.94e-07,-5.22e-07,-5.98e-07,-6e-07,-2.7e-07,-7.53e-07,-4.19e-07,-3.37e-07,-2.26e-07,-4.4e-07,-1.37e-07,-1.37e-07,-4.02e-07,-1.39e-07,-6.57e-07,-2.2e-07,-4.47e-07
"39","FN_076","Placebo","T1_Pre_drug","NBack_2",-4.72e-07,-9.77e-07,-3.82e-07,-1.94e-06,-1.08e-06,-2.03e-06,-1.53e-06,-8.58e-07,-1.28e-06,-8.76e-07,-2.42e-06,-1.45e-06,-2.69e-06,-1.15e-06,-6.46e-07,-2.39e-06,-6.14e-07,-3.76e-07,-9.92e-07,-9.07e-07,-6.28e-07,-8.46e-07,-1.35e-06,-1.74e-06,-1.69e-06
"40","FN_077","Placebo","T1_Pre_drug","NBack_2",-1.66e-06,-7.78e-07,-1.05e-06,-3.05e-06,-7.43e-07,-1.21e-06,-6.36e-07,-7.83e-07,-5.61e-07,-8.35e-07,-1.69e-06,-9.49e-07,-2.23e-06,-1.3e-06,-5.33e-07,-1.38e-06,-1.02e-06,-2.28e-07,-3.06e-06,-4.44e-07,-6.53e-07,-9.91e-07,-8.62e-07,-1.78e-06,-1.75e-06
"41","FN_079","Placebo","T1_Pre_drug","NBack_2",7.39e-07,5.17e-07,1.6e-07,1.62e-06,8.84e-08,6.08e-07,8.31e-08,4.17e-07,5.55e-07,2.61e-07,6.18e-07,5.01e-07,8.07e-07,4.79e-07,6.61e-07,8.14e-07,5.18e-07,6.25e-07,1.33e-06,3.37e-07,5.16e-07,4.4e-07,4.04e-07,8.22e-07,7.51e-07
"42","FN_080","Placebo","T1_Pre_drug","NBack_2",-4.04e-08,-1.52e-07,-1.08e-07,7.55e-08,-3.39e-07,-3e-08,-3.93e-07,-1.51e-07,-4.26e-07,-2.97e-07,-3.05e-07,-2.77e-07,-3.59e-07,-3.63e-07,-1.63e-07,-9.15e-08,1.33e-08,-3.26e-08,1.08e-09,2.44e-08,-1.2e-07,-1.71e-07,-3.65e-07,-1.06e-07,-9.18e-08
"43","FN_081","Placebo","T1_Pre_drug","NBack_2",-7.19e-07,-1.03e-06,-4.48e-07,-1.53e-06,-1.13e-06,-1.94e-06,-1.53e-06,-1.01e-06,-1.31e-06,-9.71e-07,-1.89e-06,-1.41e-06,-2.23e-06,-1.45e-06,-1.08e-06,-1.51e-06,-1.18e-06,-7.22e-08,-1.11e-06,-2.84e-07,-8.26e-07,-9.73e-07,-1.42e-06,-1.29e-06,-1.45e-06
"44","FN_082","Placebo","T1_Pre_drug","NBack_2",-1.24e-07,-3.64e-07,5.41e-08,-1.22e-08,-1.61e-07,6.43e-08,-1.79e-07,-2.63e-07,-1.25e-07,-1.95e-07,-1.8e-07,-1.05e-07,-2.27e-07,-2.24e-07,-1.41e-07,-2.69e-07,-2.68e-07,NA,6.41e-08,4.99e-08,-2.01e-07,-2.28e-07,-1.58e-07,-9.54e-08,-1.83e-08
"45","FN_083","Placebo","T1_Pre_drug","NBack_2",-7.32e-08,-4.92e-07,-6.07e-07,-2.34e-06,-6.93e-07,-2.11e-06,-1.41e-06,-6.85e-07,-1.15e-06,-6.94e-07,-2.53e-06,-1.87e-06,-1.81e-06,-1.97e-06,-1.14e-06,-2.7e-06,-1.63e-06,-7.62e-07,-2.75e-06,-1.21e-06,-1.06e-06,-4.86e-07,-1.6e-06,-2.12e-06,-1.89e-06
"46","FN_084","Placebo","T1_Pre_drug","NBack_2",1.02e-07,-1.26e-08,2.46e-07,4.45e-07,2.03e-08,7.26e-08,2.18e-08,3.54e-07,2.59e-07,1.02e-07,4.34e-08,-5.38e-08,4.6e-07,-4.58e-09,-1.81e-08,1.95e-07,6.24e-08,1.75e-07,2.61e-07,1.37e-07,8.02e-08,1.16e-07,5.57e-08,2.63e-07,2.02e-07
"47","FN_085","Placebo","T1_Pre_drug","NBack_2",-1.5e-07,-4.96e-07,-5.1e-09,-1.34e-07,-5.05e-07,-7.03e-07,-2.57e-08,-8.37e-08,-1.19e-07,1.5e-07,-4.47e-07,-2.64e-07,-5.62e-07,-2.83e-08,-3.32e-07,-5.99e-07,-1.98e-07,-3.91e-07,-2.19e-07,-2.48e-07,-1.93e-07,-3.09e-07,-1.09e-07,-4.07e-07,-3.22e-07
"48","FN_087","Placebo","T1_Pre_drug","NBack_2",-1.04e-07,-1.01e-07,-1.24e-07,-2.14e-07,-2.23e-07,-1.7e-07,-3.59e-07,-2.31e-08,-2.61e-08,-9.38e-08,-2.86e-07,-1.38e-07,-2.07e-07,-1.3e-07,-9.42e-08,-1.39e-09,-1.26e-07,-1.14e-07,-2.05e-07,-1.17e-07,-1.07e-07,-1.13e-07,-1.63e-07,-1.32e-07,-1.98e-07
"49","FN_089","Placebo","T1_Pre_drug","NBack_2",-5.73e-07,-3.74e-07,1.29e-08,1.65e-08,-5.35e-07,-4.51e-07,-1.06e-06,-1.14e-06,-1.04e-06,-1.04e-06,-2.32e-07,-5.88e-07,-2.06e-07,-7.48e-07,-6.33e-07,-3.19e-07,-8.29e-07,-1.02e-06,-3.74e-07,-1.26e-07,-8.8e-07,-6.55e-07,-8.6e-07,-2.56e-07,-1.63e-07
"50","FN_090","Placebo","T1_Pre_drug","NBack_2",-5.3e-07,-4.74e-07,-2.47e-07,-1.06e-06,-5.18e-07,-4.71e-07,-4.59e-07,-8.28e-07,-6.41e-07,-7.15e-07,NA,-5.01e-08,-6.9e-07,-4.54e-07,-5.22e-07,-7.06e-07,6.86e-08,-1.23e-06,-1e-06,-6.8e-07,-6e-07,-5.88e-07,-4.01e-07,-7.7e-07,-5.92e-07
"51","FN_092","Placebo","T1_Pre_drug","NBack_2",-3.33e-07,-1.6e-07,3.38e-07,7.28e-07,-1.13e-07,2.58e-07,-2.38e-07,4.84e-08,-1.66e-07,-3.08e-09,-6.07e-08,-1.04e-07,1.44e-07,-1.59e-07,-3.02e-08,1.64e-07,1.36e-09,7.28e-08,1.05e-06,2.88e-07,1.02e-08,-1.39e-07,-1.67e-07,4.11e-07,3.16e-07
"52","FN_093","Placebo","T1_Pre_drug","NBack_2",2.59e-09,-2.88e-08,1.19e-07,-2.22e-07,-3.48e-08,-9.19e-08,-1.3e-07,-1.16e-07,-9.27e-08,-1.06e-07,4.83e-07,-5.43e-07,-2.82e-07,-8.54e-08,-1.77e-07,8.83e-09,-1.43e-07,-1.32e-07,-1.3e-07,-2.02e-07,-1.4e-07,-4.42e-08,-2.13e-07,-1.51e-07,7.19e-08
"53","FN_094","Placebo","T1_Pre_drug","NBack_2",-1.28e-07,-3.91e-07,-1.52e-08,-6.34e-08,-3.41e-07,-4.43e-07,-7.66e-07,-2.99e-07,-4.31e-07,-2.49e-07,-4.67e-07,-4.22e-07,-3.82e-07,-6.26e-07,-7.52e-08,-5.73e-07,-2.23e-07,-8.19e-08,-9.92e-08,1.63e-08,-1.57e-07,-2.9e-07,-5.61e-07,-2.59e-07,-2.47e-07
"54","FN_097","Placebo","T1_Pre_drug","NBack_2",1.59e-07,-3.15e-07,7.38e-09,-1.11e-07,-4.77e-07,-1.61e-07,-5.57e-07,-7.04e-07,-3.57e-07,-2.48e-07,-9.44e-08,-2.52e-07,-2.46e-07,-3.63e-07,-5.38e-07,-3.75e-07,-3.49e-07,-1.41e-07,-4.07e-07,-8.09e-08,-3.19e-07,-3.34e-07,-3.82e-07,-2.77e-07,-8.97e-08
"55","FN_030","Placebo","T2_Post_drug","NBack_2",-1.29e-08,-1.4e-07,-4.41e-08,-1.94e-07,-2.35e-07,-3.76e-07,-2.02e-07,7.69e-08,1.25e-07,1.72e-07,-2.03e-07,-1.05e-07,-4.03e-07,-1.62e-07,-8.88e-08,-2.9e-07,1.43e-09,5.56e-09,-3.07e-07,3.75e-08,2.25e-08,-7.78e-08,-8.63e-08,-2.41e-07,-2.04e-07
"56","FN_031","Placebo","T2_Post_drug","NBack_2",-6.46e-07,-2.94e-07,-4.03e-07,-9.47e-07,-3.19e-07,-4.44e-07,-1.83e-07,-7.35e-07,-2.05e-07,-3.92e-07,-3.85e-07,2.62e-07,-2.12e-07,-2.69e-07,-3.65e-07,-4.68e-07,-5.53e-07,-2.88e-07,-6.93e-07,-2.08e-07,-3.99e-07,-4.98e-07,-9.87e-08,-3.95e-07,-5.45e-07
"57","FN_032","Placebo","T2_Post_drug","NBack_2",7.23e-08,-1.78e-08,1.66e-07,2.92e-07,-2.28e-07,-6.03e-07,-2.4e-07,1.78e-07,-2.49e-08,7.97e-08,-1.66e-07,-2.45e-07,-2.65e-07,-2.75e-07,8.68e-08,4.36e-08,-1.85e-08,1.28e-07,3.23e-07,1.58e-07,6.89e-08,1.19e-09,-1.96e-07,6.5e-08,-7.78e-08
"58","FN_035","Placebo","T2_Post_drug","NBack_2",-6.59e-08,-1.92e-07,-5.04e-08,-4.54e-07,-2.13e-07,-3.53e-07,-2.1e-07,-2.09e-07,-6.88e-08,-6.8e-08,-5.51e-07,-2.54e-07,-1.35e-06,-1.7e-07,-1.6e-08,-3.45e-07,1.49e-07,1.64e-07,-5.66e-07,-1.86e-08,5.73e-08,-1.7e-07,-1.76e-07,-5.69e-07,-3.52e-07
"59","FN_036","Placebo","T2_Post_drug","NBack_2",-9.18e-08,-2.28e-07,-3.01e-08,-3.74e-08,-2.49e-07,-5.94e-07,-5.79e-07,-4.09e-07,-3.33e-07,-3.78e-07,-5.49e-07,-4.55e-07,-9.45e-07,-4.15e-07,-2.73e-07,-3.64e-07,-3.07e-07,-2.82e-07,-5.97e-07,-2.92e-07,-3.1e-07,-2.45e-07,-4.46e-07,-5.5e-07,-3.03e-07
"60","FN_037","Placebo","T2_Post_drug","NBack_2",-4.22e-08,-1.43e-07,8.64e-08,2.51e-07,-1.53e-07,-6.21e-08,-2.28e-07,-2.52e-07,-1.6e-07,-1.52e-07,-4.22e-07,-2.25e-07,-1.49e-07,-2.46e-07,-1.18e-07,-1.69e-08,2.7e-09,1.04e-07,3.5e-07,1.48e-07,-4.08e-08,-1.48e-07,-2.15e-07,8.29e-08,-3.67e-08
"61","FN_039","Placebo","T2_Post_drug","NBack_2",-2.53e-07,-1.1e-07,-3.24e-08,-2.79e-07,-1.09e-07,-2.6e-07,-2.18e-07,-1.41e-07,-2.36e-07,-2.24e-07,-2.04e-07,-2.61e-07,-3.03e-07,-3.02e-07,-1.21e-07,-3.62e-07,-1.37e-07,-9.99e-08,-1.74e-07,-8.28e-08,-1.46e-07,-1.53e-07,-2.54e-07,-2.3e-07,-1.94e-07
"62","FN_040","Placebo","T2_Post_drug","NBack_2",6.18e-08,-2.66e-07,1.2e-08,-1.31e-07,-2.26e-07,-3.29e-07,-1.54e-07,-1.52e-07,-2.72e-07,-3.19e-07,-4.3e-07,-3.25e-07,-2.64e-07,-3.73e-07,-1.26e-07,-2.62e-07,-9.63e-08,5.12e-08,-1.37e-07,1.99e-08,-1.23e-07,-1.45e-07,-2.81e-07,-1.61e-07,-2.2e-07
"63","FN_042","Placebo","T2_Post_drug","NBack_2",4.98e-08,1.74e-08,9.31e-08,2.11e-07,-5.1e-08,1.41e-07,2.1e-08,-2.27e-08,5.91e-08,-1.88e-08,2.7e-07,1.93e-07,3e-07,-4.63e-08,1.13e-09,1.18e-07,5.95e-08,3.02e-07,2.91e-07,1.66e-07,8.6e-08,-1.64e-09,5.67e-08,2.19e-07,1.79e-07
"64","FN_043","Placebo","T2_Post_drug","NBack_2",-1.7e-07,-2.16e-07,-5.1e-08,-3.09e-07,-1.91e-07,-2.94e-07,-2.9e-07,-1.95e-07,-2.73e-07,-3.58e-07,-4.03e-07,-2.42e-07,-2.82e-07,-2.24e-07,4.52e-08,-3.73e-08,-1.48e-07,1.25e-07,-5.25e-08,-7.12e-08,-8.4e-08,-1.93e-07,-2.57e-07,-1.11e-07,-2.64e-07
"65","FN_045","Placebo","T2_Post_drug","NBack_2",6.48e-08,1.41e-07,-6.68e-08,-4.78e-07,7.66e-08,-1.78e-07,-1.61e-07,3.35e-09,-2.78e-08,-1.51e-07,-3.18e-07,-2.07e-07,-2.31e-07,-2.7e-07,-2.75e-07,-5.09e-07,-6.87e-08,-1.85e-07,-4.54e-07,3.94e-08,-1.7e-07,7.14e-08,-1.67e-07,-2.89e-07,-2.6e-07
"66","FN_046","Placebo","T2_Post_drug","NBack_2",-4.47e-08,-1.41e-07,-2.29e-08,-6.28e-07,-5.73e-08,-1.42e-07,-1.9e-07,-4.96e-08,-1.57e-07,-3.08e-07,-2.55e-07,-3.42e-07,-5.46e-07,-3.38e-07,-7.46e-08,-2.55e-07,-1.9e-07,-9.98e-08,-6.53e-07,9.06e-08,-1.68e-07,-7.32e-08,-2.57e-07,-3.41e-07,-2.62e-07
"67","FN_047","Placebo","T2_Post_drug","NBack_2",-1.07e-08,2.39e-08,6.34e-08,-1.77e-07,6.43e-08,2.34e-08,-2.82e-07,6.38e-08,-2.51e-07,-2.25e-07,-4.5e-07,-4.39e-07,-2.41e-07,-7.66e-08,-1.29e-07,-1.09e-07,-8.03e-08,1.61e-07,1.09e-08,3.69e-08,-6.83e-08,3.53e-08,-2.62e-07,-7.57e-08,-1.35e-07
"68","FN_048","Placebo","T2_Post_drug","NBack_2",2.31e-07,-1.02e-07,-8.89e-08,NA,-2.29e-07,6.34e-08,-5.31e-07,-1.43e-07,-1.52e-07,-1.34e-07,-1.14e-07,-2.08e-07,1.26e-07,-3.12e-07,-3.97e-08,2.21e-07,9.64e-09,1.32e-07,3.13e-07,6.56e-08,-7.92e-09,-6.08e-08,-3.01e-07,1.82e-07,-4.67e-08
"69","FN_049","Placebo","T2_Post_drug","NBack_2",-2.54e-07,-1.91e-07,-1.46e-07,-1.43e-07,-3.63e-07,-2.54e-07,-3.87e-07,-1.91e-07,-4.31e-07,-1.74e-07,4.1e-09,-1.88e-07,-2e-07,-3.54e-07,-1.4e-07,-2.7e-07,-4.12e-07,-2.29e-07,-5.76e-07,3.3e-08,-2.39e-07,-2.5e-07,-3.4e-07,-2.53e-07,-1.35e-07
"70","FN_050","Placebo","T2_Post_drug","NBack_2",-6.75e-07,-5.83e-07,3.75e-07,-3.65e-07,-6.91e-07,4.17e-08,-4.32e-07,-1.43e-07,-6.7e-07,-2.56e-07,-2.35e-07,-3.48e-07,-8.2e-07,-3.51e-07,-6.25e-07,-2.02e-07,-2.69e-07,-6.38e-07,-4.53e-07,-1.41e-07,-4.47e-07,-5.23e-07,-4.5e-07,-4.04e-07,-4.59e-08
"71","FN_051","Placebo","T2_Post_drug","NBack_2",2.69e-08,-2.28e-07,1.48e-08,8.83e-08,-1.64e-07,-1.99e-07,-6.31e-08,-8.35e-08,-4.33e-08,-2.17e-07,-3.26e-07,-3.84e-07,-1.89e-07,-3.31e-08,-4.8e-08,9.3e-08,1.34e-08,1.96e-07,1.4e-07,9.68e-08,-1.39e-08,-1.12e-07,-1.31e-07,3.52e-08,-1.05e-07
"72","FN_052","Placebo","T2_Post_drug","NBack_2",-1.75e-07,-1.37e-07,2.77e-08,1.59e-09,-4.46e-07,-5.02e-08,-3.64e-07,-1.5e-07,-1.93e-07,3.54e-08,1.33e-07,-1.78e-07,2.61e-07,-4.63e-07,-2.49e-07,-2.03e-07,-3.22e-08,1.65e-08,-9.66e-08,-7.47e-08,-5.73e-08,-2.27e-07,-2.99e-07,-2.82e-08,2.79e-08
"73","FN_053","Placebo","T2_Post_drug","NBack_2",9.06e-07,-2.69e-08,1.95e-07,3.7e-07,-1.52e-08,-4.6e-08,-4.38e-07,-5.5e-07,-3.04e-07,-3.61e-07,4.17e-08,4.32e-08,5.14e-07,4.16e-08,7.77e-09,6.11e-07,-1.32e-07,1.1e-07,5.96e-07,4.88e-08,-9.38e-08,7.86e-08,-1.64e-07,4.43e-07,1.4e-07
"74","FN_054","Placebo","T2_Post_drug","NBack_2",1.46e-08,1.02e-07,1.38e-07,1.03e-06,NA,6.31e-08,NA,-7.06e-08,NA,-2.7e-07,8.36e-08,1.35e-08,-5.05e-07,-6.02e-07,1.83e-08,3.54e-07,4.57e-08,-2.14e-07,1.24e-07,4.01e-07,-1.05e-07,1.55e-08,-2.94e-07,9.37e-08,3.3e-07
"75","FN_055","Placebo","T2_Post_drug","NBack_2",-1.65e-07,-2.08e-07,-1.08e-07,-2.04e-07,-2.44e-07,-2.62e-07,-3.59e-07,-2.42e-07,-1.23e-07,-7.12e-08,7.2e-09,-2.57e-07,-3.26e-07,-1.96e-07,-2.3e-07,-1.69e-07,-1.57e-07,-2.4e-07,-3.33e-08,-8.55e-08,-1.74e-07,-2.15e-07,-2.34e-07,-1.54e-07,-1.42e-07
"76","FN_056","Placebo","T2_Post_drug","NBack_2",2.77e-08,-2.87e-07,-4.94e-08,-5.44e-07,-1.33e-07,-6.21e-07,-3.26e-07,-4.33e-08,7.23e-08,2.35e-07,-5.89e-07,-5.99e-07,-6.64e-07,-2.35e-07,2.39e-07,-6.85e-07,1.2e-07,-1.45e-08,-4.97e-07,-7.02e-08,1.45e-07,-1.09e-07,-2.72e-07,-4.79e-07,-4.51e-07
"77","FN_057","Placebo","T2_Post_drug","NBack_2",-1.93e-07,2.96e-08,9.99e-08,8.8e-07,-4.98e-07,-4.87e-07,-8.7e-07,-1.02e-06,-8e-07,-1.11e-06,-9.93e-07,1.34e-07,-3.33e-07,-8.31e-07,-6.74e-07,1.24e-07,-8.25e-07,-2.97e-07,1.07e-06,1.64e-07,-7.26e-07,-4.21e-07,-5.92e-07,2.55e-07,-1.25e-07
"78","FN_059","Placebo","T2_Post_drug","NBack_2",-1.06e-07,-5.63e-07,-2.22e-07,-4.48e-07,-5.21e-07,-3.87e-07,-5.16e-07,-5.82e-07,-5.12e-07,-5.59e-07,-5.05e-07,-4.15e-07,-8.43e-07,-6.76e-07,-6.81e-07,-6.72e-07,-7.82e-07,-6.65e-07,-6.82e-07,-3.18e-07,-6.72e-07,-4.43e-07,-5.3e-07,-6.29e-07,-3.91e-07
"79","FN_060","Placebo","T2_Post_drug","NBack_2",-8.77e-08,-1.19e-07,-2.03e-07,-1.23e-06,-4.77e-07,-7.9e-07,-5.1e-07,-9.75e-08,-3.29e-07,-7.71e-07,-7.75e-07,-1.16e-07,-5.66e-07,-4.42e-07,-3.1e-07,-2.19e-07,-4.44e-07,-1.38e-07,-6.65e-07,-3.73e-07,-4.16e-07,-1.95e-07,-3.49e-07,-4.56e-07,-7.5e-07
"80","FN_061","Placebo","T2_Post_drug","NBack_2",2.56e-08,-8.75e-08,1.15e-07,2.08e-07,-9.64e-09,4.74e-08,-1.46e-07,-1.37e-07,-2.02e-07,-3.1e-07,-2.55e-07,-1.19e-07,-1.24e-07,-2.82e-07,-1.2e-07,-5.44e-08,-1.61e-07,2.9e-08,2.38e-07,1.15e-07,-1.41e-07,-5.21e-08,-1.87e-07,4.33e-08,2.88e-08
"81","FN_062","Placebo","T2_Post_drug","NBack_2",-2.22e-07,-4.94e-07,-7.68e-08,-2.38e-07,-2.36e-07,-2.29e-07,-2.87e-07,-3.06e-07,-3.22e-07,-2.34e-07,-3.84e-08,-1.71e-07,2.78e-08,-1.96e-07,-4.69e-08,-7.54e-08,-2.18e-07,4.62e-09,2.36e-07,-9.26e-08,-1.24e-07,-3.15e-07,-2.44e-07,2.38e-08,-1.46e-07
"82","FN_063","Placebo","T2_Post_drug","NBack_2",2.61e-07,-2.22e-07,4.9e-07,3.7e-07,-1.88e-07,4.8e-07,-7.15e-08,-1.38e-07,-2.39e-07,1.92e-07,-5.84e-08,-5.1e-09,4.08e-07,-2.66e-07,-2.5e-08,1.95e-07,-3.39e-08,4.47e-08,7.86e-08,2.53e-07,4.44e-08,-7.19e-08,-1.46e-07,2.34e-07,3.2e-07
"83","FN_064","Placebo","T2_Post_drug","NBack_2",9.79e-08,3.35e-08,2.47e-07,-1.19e-07,-1.83e-08,-1.35e-07,-2e-07,2.11e-08,2.28e-07,-3.76e-08,-1.96e-07,-4.69e-08,-1.6e-07,-8.81e-08,-9.09e-08,-1.28e-07,-1.15e-07,1.11e-07,2.47e-08,7.53e-08,-3.33e-08,3.36e-08,-2.69e-08,-4.7e-08,-5.06e-08
"84","FN_065","Placebo","T2_Post_drug","NBack_2",-4.18e-07,-6.97e-08,-9.44e-08,-2.09e-07,-8.27e-08,-3.59e-07,-5.55e-07,-1.88e-07,-2.18e-07,-2.93e-07,-3.22e-07,-4.77e-07,-5.78e-07,-3.65e-07,-1.27e-07,-2.06e-07,-2.03e-07,-2.48e-07,5.73e-08,-1.74e-07,-2.18e-07,-1.9e-07,-4.04e-07,-2.25e-07,-2.46e-07
"85","FN_066","Placebo","T2_Post_drug","NBack_2",-4.44e-08,4.58e-09,-4.15e-08,-1.61e-07,2.21e-08,-2.02e-08,-9.49e-08,-1.52e-07,-3.8e-08,-9.65e-08,4.64e-08,1.08e-08,1.83e-08,-8.23e-08,-1.03e-07,4.14e-08,-6.09e-08,-4.63e-08,2.25e-08,1.66e-08,-7.66e-08,-4.24e-08,-5.11e-08,2.47e-08,-4.41e-08
"86","FN_067","Placebo","T2_Post_drug","NBack_2",-9.7e-07,-4.04e-07,-2.78e-07,-1.49e-09,-9.06e-07,-5.25e-07,-7.33e-07,-3.47e-07,-6.2e-07,-2.24e-07,-7.82e-07,-9.84e-08,-2.57e-07,-5.39e-07,-5e-07,-2.7e-07,-4.35e-08,-2.01e-07,-2.86e-07,-3.34e-07,-2.42e-07,-6.56e-07,-4.97e-07,-2.87e-07,-3.97e-07
"87","FN_068","Placebo","T2_Post_drug","NBack_2",4.16e-08,-2.32e-07,2.22e-07,2.86e-08,-3.39e-07,-3.8e-07,-5.28e-07,-3.68e-07,-4.6e-07,-4.44e-07,-1.87e-07,-3.79e-07,-2.2e-07,-3.17e-07,-2.26e-07,-1.82e-07,-1.91e-07,1.42e-07,1.83e-07,1e-07,-1.8e-07,-2.25e-07,-4.21e-07,-2.97e-08,-7.9e-08
"88","FN_070","Placebo","T2_Post_drug","NBack_2",-4.76e-07,-1.82e-07,-6.52e-08,-8.39e-07,-4.48e-07,-1.04e-06,-5.29e-07,-1.34e-07,-3.78e-07,-2.34e-07,-9.35e-07,-5.73e-07,-5.54e-07,-6.8e-07,-4.28e-07,-4.94e-07,-3.53e-07,-7.92e-08,-7.54e-07,-1.59e-07,-2.74e-07,-3.1e-07,-5.4e-07,-4.9e-07,-7.21e-07
"89","FN_071","Placebo","T2_Post_drug","NBack_2",5.15e-08,1.56e-08,-8.79e-08,-4.55e-07,4.36e-08,-1.57e-08,2.08e-08,-1.07e-07,-3.84e-08,-2.32e-08,-3.01e-07,6.58e-09,-1.84e-07,7.74e-08,2.36e-07,2.6e-10,1.47e-07,-3.55e-08,-6.33e-07,-6.12e-08,8.1e-08,9.43e-10,1.66e-08,-2.2e-07,-2.15e-07
"90","FN_072","Placebo","T2_Post_drug","NBack_2",6.23e-08,-1.35e-07,1.52e-07,6.69e-07,-1.86e-07,1.36e-08,-4.91e-07,-6.77e-08,-3.23e-07,-6.86e-08,-7.57e-08,-4.54e-07,-2.89e-07,-6.42e-07,-4.75e-07,-1.82e-07,-2.2e-07,-6.75e-08,3.12e-07,1.68e-07,-2.08e-07,-8.16e-08,-4.77e-07,2.2e-09,1.9e-07
"91","FN_073","Placebo","T2_Post_drug","NBack_2",-1.21e-07,-8.47e-08,1.26e-07,-1.16e-07,-1.62e-07,-2.9e-07,-2.26e-07,-2.59e-07,-2.31e-07,-1.25e-07,-2.28e-07,-4.22e-07,-3.53e-07,-1.67e-07,-1.03e-07,-3.26e-07,-2.5e-07,-1.81e-07,3.86e-09,-9.81e-08,-1.65e-07,-1.57e-07,-2.62e-07,-1.93e-07,-1.27e-07
"92","FN_075","Placebo","T2_Post_drug","NBack_2",5.86e-08,1.97e-07,7.94e-08,1.76e-08,1.14e-07,-5.3e-08,1.24e-07,2.07e-07,1.7e-07,5.98e-08,2.34e-07,1.75e-07,1.85e-07,2.62e-07,1.36e-07,3.16e-07,2.18e-07,1.71e-07,1.17e-07,3.39e-07,1.46e-07,1.44e-07,1.83e-07,2.39e-07,6.95e-08
"93","FN_076","Placebo","T2_Post_drug","NBack_2",-1.24e-07,-1.85e-07,-3.89e-08,-4.7e-07,-2.73e-07,-7.87e-07,-5.53e-07,-2.85e-07,-3.71e-07,-2.38e-07,-1.06e-06,-4.7e-07,-6.95e-07,-4.15e-07,-1.33e-07,-4.63e-07,-1.09e-07,-1.45e-07,-6.38e-07,-1.38e-07,-1.56e-07,-2.17e-07,-4.52e-07,-4.83e-07,-5.88e-07
"94","FN_077","Placebo","T2_Post_drug","NBack_2",1.66e-07,1.69e-08,3.5e-07,4.61e-07,7.07e-08,-3.15e-07,1.11e-07,3.85e-08,-4.5e-07,-1.55e-07,-5.57e-07,-1.34e-07,-4.8e-07,-3.19e-07,-2.42e-07,-1.69e-07,-3.35e-07,-3.01e-07,6.92e-07,5.73e-07,-2.58e-07,7.3e-08,-1.98e-07,1.54e-07,-1.51e-08
"95","FN_079","Placebo","T2_Post_drug","NBack_2",1.79e-08,-8.84e-08,-7.93e-08,-4.72e-08,-1.79e-07,-1.92e-07,-1.35e-07,-1.66e-07,6.73e-08,1.59e-07,-1.19e-07,-9.84e-08,-1.61e-07,1.47e-07,1.32e-07,-1.15e-07,-2.53e-08,-4.27e-09,1.23e-07,-1.93e-08,6.54e-08,-1.04e-07,-4.81e-09,-4.31e-08,-1.09e-07
"96","FN_080","Placebo","T2_Post_drug","NBack_2",-9.28e-08,-2.84e-07,8.39e-08,1.41e-07,-2.15e-07,1.74e-07,-2.99e-07,-1.34e-07,-4.84e-07,-1.64e-07,4.74e-07,-1.58e-07,5.97e-07,-2.11e-07,-1.52e-07,2.29e-07,-2.47e-07,-7.5e-08,1.68e-07,2.93e-08,-1.6e-07,-1.82e-07,-2.88e-07,2.56e-07,2.19e-07
"97","FN_081","Placebo","T2_Post_drug","NBack_2",1.74e-07,-1.97e-08,1.25e-07,3.29e-07,-1.85e-07,-8.76e-08,-1.84e-07,6.41e-08,1.05e-08,2.18e-07,-4.35e-07,3.15e-08,5.2e-07,-1.71e-07,2.76e-07,6.13e-07,3.81e-07,3.49e-07,5.31e-07,2.71e-07,3.06e-07,8.26e-09,-7.83e-08,4.84e-07,-1.69e-08
"98","FN_082","Placebo","T2_Post_drug","NBack_2",5.99e-08,-2.76e-07,3.15e-08,6.15e-08,-3.45e-07,-6.42e-08,-2.25e-07,-1.13e-07,-2.33e-07,-1.41e-07,-3.73e-07,-1.86e-07,-1.06e-07,-3.23e-07,-2.33e-07,-2.11e-07,-3.48e-07,-8.95e-08,3.8e-07,8.65e-08,-2.03e-07,-1.68e-07,-2.42e-07,3.72e-08,-8.61e-08
"99","FN_083","Placebo","T2_Post_drug","NBack_2",-1.6e-07,-2.65e-07,-3.5e-07,-1.46e-06,-5.13e-07,-1.36e-06,-1.4e-06,-4.15e-07,-7.93e-07,-6.44e-07,-7.58e-07,-1.13e-06,-1.04e-06,-1.33e-06,-7.44e-07,-1.75e-06,-1.3e-06,-5.16e-07,-1e-06,-3.04e-07,-8e-07,-3.38e-07,-1.16e-06,-1.03e-06,-9.82e-07
"100","FN_084","Placebo","T2_Post_drug","NBack_2",6.82e-07,2.88e-08,6.3e-07,3.35e-07,-6.5e-10,5.7e-07,-1.64e-07,-4.22e-07,-3.61e-07,3.95e-07,-3.36e-07,-8.26e-09,1.31e-07,1.77e-08,-7.02e-09,3.46e-07,6.53e-08,8.04e-08,5.34e-07,2.57e-07,1.33e-07,7.19e-08,-1.29e-07,3.17e-07,3e-07
"101","FN_085","Placebo","T2_Post_drug","NBack_2",2.26e-07,3.9e-08,-5.17e-08,-2.58e-07,-3.62e-07,-3.97e-07,-1.15e-06,-2.09e-07,-7.2e-07,-4.32e-07,-1.94e-07,-3.16e-07,-1.21e-07,-1.3e-06,-8.1e-07,-6.91e-07,-5.47e-07,-1.44e-07,-4.12e-07,-1.43e-07,-4.83e-07,-7.64e-08,-8.72e-07,-3.42e-07,-2.25e-07
"102","FN_087","Placebo","T2_Post_drug","NBack_2",-1.06e-07,-9.69e-08,-1.91e-07,-1.28e-07,-1.56e-07,-2.34e-07,-1.39e-07,-5.3e-08,-7.05e-08,-6.48e-08,-3.85e-08,-1.16e-07,1.83e-07,-1.32e-07,-8.55e-08,-7.39e-08,-3.78e-08,-7.3e-08,6.11e-08,-1.62e-07,-6.53e-08,-1.03e-07,-1.14e-07,2.05e-09,-1.48e-07
"103","FN_089","Placebo","T2_Post_drug","NBack_2",-1.83e-07,-3.43e-07,1.06e-07,4.78e-07,-2.19e-07,-1e-07,-4.82e-07,-5.83e-07,-4.5e-07,-5.29e-07,-6.88e-08,-4.48e-07,-5.73e-07,-4.06e-07,-3.4e-07,-2.35e-07,-3.54e-07,-6.92e-07,-3.39e-07,-6.76e-08,-4.79e-07,-3.32e-07,-4.46e-07,-3.04e-07,1.04e-07
"104","FN_090","Placebo","T2_Post_drug","NBack_2",2.51e-07,2.6e-07,1.62e-07,7.43e-07,1.98e-07,-2.99e-07,3.3e-07,9.19e-09,2.52e-08,1.09e-07,8.87e-07,3.55e-07,7.48e-07,4.43e-07,2.74e-07,4.77e-07,-4.35e-08,-2.11e-07,6.72e-07,1.8e-07,3.22e-08,1.8e-07,2.88e-07,5.19e-07,3.73e-07
"105","FN_092","Placebo","T2_Post_drug","NBack_2",2.12e-07,1.2e-07,2.74e-07,7.29e-07,6.41e-09,1.31e-07,6.93e-08,4.41e-08,1.56e-07,-2.21e-07,5.67e-07,5.56e-07,2.94e-07,8.39e-08,2.91e-08,-1.95e-08,-4.95e-08,3.21e-07,1.26e-07,1.76e-07,1.99e-08,9.57e-08,2.16e-07,1.44e-07,4.25e-07
"106","FN_093","Placebo","T2_Post_drug","NBack_2",-1.41e-07,-3.89e-07,-3.04e-07,-4.76e-07,-1.21e-07,-2.56e-07,-7.57e-07,-4.21e-07,-7.84e-07,-2.1e-07,-2.85e-07,-3.7e-07,2.33e-08,-5.79e-07,-2.5e-07,-8.62e-07,-6.14e-08,9.38e-09,-2.44e-07,-3.98e-08,-1.28e-07,-2.68e-07,-6.23e-07,-2.81e-07,-3.3e-07
"107","FN_094","Placebo","T2_Post_drug","NBack_2",7.7e-08,3.38e-08,2.22e-08,1.3e-08,-9.51e-08,1.79e-09,-4.85e-07,-5.78e-08,-8.19e-07,8.5e-09,3.93e-07,-5.22e-07,1.05e-07,-1.15e-06,4.02e-08,-6.89e-08,-1.11e-07,-5.46e-08,9.56e-08,-1.1e-07,-2.93e-08,-1.05e-08,-7.43e-07,5.62e-09,1.07e-07
"108","FN_097","Placebo","T2_Post_drug","NBack_2",2.8e-07,6.05e-07,2.56e-07,1.34e-06,8.12e-08,3.96e-07,-1.83e-07,3.49e-07,4.21e-07,2.64e-07,5.49e-07,-1.15e-07,6.57e-07,6.12e-07,3.31e-07,1.07e-06,3.37e-07,5.12e-08,9.23e-07,1.4e-07,NA,NA,NA,NA,NA
"109","FN_039","Placebo","T3_Post_drug","NBack_2",-2.6e-07,-1.55e-07,-2.58e-08,-3.52e-07,-8.46e-08,-2.82e-07,-1.24e-07,-1.27e-07,-1.19e-07,-2.14e-07,-3.28e-07,-2.17e-07,-4.75e-07,-2.58e-07,-1.94e-07,-4.87e-07,-1.63e-07,-1.36e-07,-3.8e-07,-1.14e-07,-1.77e-07,-1.57e-07,-1.8e-07,-3.64e-07,-2.47e-07
"110","FN_040","Placebo","T3_Post_drug","NBack_2",-4.3e-08,9.83e-08,-4.96e-08,-4.28e-07,-4.36e-08,4.51e-07,-2.21e-07,-9.76e-08,-2.06e-07,-2.27e-08,-4.62e-07,-2.52e-07,-6.48e-07,-1.95e-07,1.35e-07,-1.26e-07,7.06e-08,4.3e-08,-4.97e-07,-2.84e-08,5.65e-08,-2.15e-08,-2.18e-07,-3.25e-07,-1.22e-07
"111","FN_042","Placebo","T3_Post_drug","NBack_2",1.05e-07,-3.13e-07,1.76e-07,2.99e-07,-2.39e-07,3.59e-08,-1.19e-07,-3.03e-07,-7.02e-08,-2.58e-07,1.42e-07,2.1e-07,3.81e-07,1.9e-07,-7.32e-08,4.14e-07,-6.44e-08,3.69e-07,8.63e-08,5.44e-07,-6.5e-09,-1.87e-07,5.27e-08,3.56e-07,1.63e-07
"112","FN_043","Placebo","T3_Post_drug","NBack_2",9.64e-08,-8.67e-08,1.15e-07,-1.49e-07,-1.01e-07,-1.05e-07,-2.16e-07,-4.9e-08,-4.78e-08,1.35e-08,-1.44e-07,-1.38e-07,-2.57e-08,9.67e-08,2.49e-07,1.5e-07,1.35e-07,2.83e-07,-1.28e-07,5.87e-08,1.7e-07,-3.5e-08,-7.63e-08,1.39e-08,-7.06e-08
"113","FN_045","Placebo","T3_Post_drug","NBack_2",6.48e-08,1.41e-07,-6.68e-08,-4.78e-07,7.66e-08,-1.78e-07,-1.61e-07,3.35e-09,-2.78e-08,-1.51e-07,-3.18e-07,-2.07e-07,-2.31e-07,-2.7e-07,-2.75e-07,-5.09e-07,-6.87e-08,-1.85e-07,-4.54e-07,3.94e-08,-1.7e-07,7.14e-08,-1.67e-07,-2.89e-07,-2.6e-07
"114","FN_046","Placebo","T3_Post_drug","NBack_2",-5.73e-07,-1.98e-07,-1.81e-07,-5.7e-07,2.98e-08,-2.7e-07,-8.87e-07,-4.29e-07,-7.77e-07,-1.13e-06,-5.29e-07,-8.23e-07,-7.69e-07,-9.65e-07,-4.69e-07,-3.88e-07,-4.11e-07,-7.83e-07,-6.9e-07,-1.44e-07,-6.97e-07,-2.93e-07,-8.63e-07,-4.98e-07,-3.88e-07
"115","FN_047","Placebo","T3_Post_drug","NBack_2",-1.29e-07,-5.36e-08,9.64e-08,-3.63e-08,-4.39e-08,-1.58e-07,-9.52e-08,-1.1e-07,-8.65e-08,-1.68e-07,-5.27e-07,-2.68e-07,-3.77e-07,-1.61e-07,-3.82e-08,-2.52e-08,-6.16e-09,2e-07,1.44e-07,1.74e-08,-3.2e-09,-8.41e-08,-1.53e-07,-6.02e-08,-1.56e-07
"116","FN_048","Placebo","T3_Post_drug","NBack_2",3.13e-07,-1.11e-07,1.16e-07,2.6e-07,-1.65e-07,-1.37e-07,-3.91e-07,-7.5e-08,-4.23e-08,-5.63e-08,-1.22e-07,-1.08e-07,-1.28e-07,-2.24e-07,1.17e-07,5.67e-08,8.68e-08,2.77e-07,1.62e-07,2.22e-07,1.06e-07,-9.29e-09,-1.91e-07,7.83e-08,2.91e-08
"117","FN_049","Placebo","T3_Post_drug","NBack_2",-2.07e-07,-1.32e-07,-5.23e-09,-4.84e-08,-2.22e-07,-1.43e-07,-3.33e-07,-1.19e-07,-4.95e-07,-2.52e-07,-6.36e-08,-1.94e-07,-2.52e-07,-2.7e-07,-2.98e-07,-6.79e-08,-2.75e-07,-1.76e-07,-1.99e-07,-6.7e-08,-2.5e-07,-1.7e-07,-3.23e-07,-1.47e-07,-6.51e-08
"118","FN_050","Placebo","T3_Post_drug","NBack_2",1.99e-08,-3.52e-08,2.63e-08,-5.55e-08,-6.66e-08,-5.59e-08,-1.21e-07,2.78e-08,-5.48e-08,6e-08,-4.01e-07,-2.49e-08,3.56e-08,-7.59e-08,-4e-08,1.4e-07,-2.21e-08,2.46e-08,-1.99e-07,1.79e-08,5.62e-09,-1.35e-08,-6.93e-08,-1.29e-09,-1.22e-07
"119","FN_051","Placebo","T3_Post_drug","NBack_2",-6.75e-09,-4.33e-07,-7.85e-08,-1.62e-07,-2.65e-07,-1.97e-07,-2.04e-07,-2.11e-07,-2.03e-07,-4.67e-07,-6.15e-07,-4.37e-07,-3.69e-07,-1.93e-07,-1.67e-07,-2.3e-10,-1.37e-07,1.28e-07,2.2e-08,8.87e-08,-1.61e-07,-2.29e-07,-2.59e-07,-6.47e-08,-2.63e-07
"120","FN_052","Placebo","T3_Post_drug","NBack_2",-7.29e-10,5.62e-09,1.57e-07,7.49e-08,-4.74e-07,-5.38e-08,-2.1e-07,3.94e-08,-1.55e-07,NA,-3.3e-07,-3.35e-07,-7.58e-07,-3.28e-07,NA,-2.79e-07,NA,-2.09e-07,-1.31e-07,-1.47e-07,-2.09e-07,-1.07e-07,-2.57e-07,-3.29e-07,-3.79e-08
"121","FN_053","Placebo","T3_Post_drug","NBack_2",-2.36e-07,-5.2e-07,2.01e-07,5.83e-08,-6.82e-07,-4.48e-07,-6.3e-07,-7.48e-07,-5.75e-07,-3.67e-07,-9.47e-07,-4.62e-07,-9.07e-07,-8.81e-08,-9.24e-08,5.02e-08,-1.64e-07,8.85e-08,4.3e-07,1.37e-07,-1.34e-07,-5.46e-07,-4.39e-07,-7.24e-08,-2.84e-07
"122","FN_054","Placebo","T3_Post_drug","NBack_2",1.46e-08,1.02e-07,1.38e-07,1.03e-06,-1.12e-06,6.31e-08,1.75e-08,-7.06e-08,2.38e-07,-2.7e-07,8.36e-08,1.35e-08,-5.05e-07,-6.02e-07,1.83e-08,3.54e-07,4.57e-08,-2.14e-07,1.24e-07,4.01e-07,-1.05e-07,-2.69e-07,-8.33e-08,9.37e-08,3.3e-07
"123","FN_055","Placebo","T3_Post_drug","NBack_2",-1.18e-07,-2.54e-07,-9.49e-08,-3.01e-08,-4.16e-07,-2.07e-07,-4.43e-07,-4.89e-07,-3.48e-07,-4.17e-07,1.05e-07,-2.24e-07,-1.08e-07,-2.09e-07,-2.18e-07,-2.78e-08,-3.15e-07,-1.4e-07,2.93e-07,-8.14e-08,-2.73e-07,-3.19e-07,-3.06e-07,1.9e-08,-5.67e-08
"124","FN_056","Placebo","T3_Post_drug","NBack_2",-1.18e-06,-1.1e-06,-5.04e-07,-1.3e-06,-8.78e-07,-8.19e-07,-1.02e-06,-8.41e-07,-6.17e-07,-8.12e-07,-9.86e-07,-6.85e-07,-4.04e-06,-9.22e-07,-1.06e-06,-1e-06,-1.25e-06,6.93e-08,-1.09e-06,-5.85e-07,-7.63e-07,-9.99e-07,-8.1e-07,-1.68e-06,-9.03e-07
"125","FN_057","Placebo","T3_Post_drug","NBack_2",2.6e-07,1.98e-07,3.07e-07,7.41e-07,-2.26e-08,2.25e-07,-1.85e-07,-3.49e-08,1.13e-07,4.85e-10,-5.69e-07,3.5e-07,6.82e-07,1.17e-08,1.58e-07,4.11e-07,1.11e-07,2.52e-07,6.91e-07,3.05e-07,1.3e-07,1e-07,7.22e-08,5.22e-07,1.76e-07
"126","FN_059","Placebo","T3_Post_drug","NBack_2",-1.06e-07,-5.63e-07,-2.22e-07,-4.48e-07,-5.21e-07,-3.87e-07,-5.16e-07,-5.82e-07,-5.12e-07,-5.59e-07,-5.05e-07,-4.15e-07,-8.43e-07,-6.76e-07,-6.81e-07,-6.72e-07,-7.82e-07,-6.65e-07,-6.82e-07,-3.18e-07,-6.72e-07,-4.43e-07,-5.3e-07,-6.29e-07,-3.91e-07
"127","FN_060","Placebo","T3_Post_drug","NBack_2",-3.4e-07,-5.31e-07,-1.82e-07,-5.04e-07,-7.51e-07,-9.89e-07,-6.79e-07,-2.9e-07,-9.61e-07,-9.09e-07,-2.76e-07,-4.65e-07,-3.95e-07,-1.03e-06,-3.58e-07,-6.9e-08,-6.26e-07,-3.29e-07,-1.38e-07,-5.14e-07,-5.55e-07,-4.78e-07,-7.83e-07,-2.79e-07,-4.88e-07
"128","FN_061","Placebo","T3_Post_drug","NBack_2",-9.21e-08,-2.49e-07,3.5e-08,3.22e-08,-2.5e-07,-3.32e-07,-3e-07,-5.03e-07,-5.42e-07,-2.25e-07,-1.59e-07,-1.64e-07,-4.29e-07,-2.53e-07,-1.83e-07,-2.56e-07,-1.48e-07,-1.13e-07,1.15e-07,4.51e-08,-1.68e-07,-2.74e-07,-3.15e-07,-1.31e-07,-1.06e-07
"129","FN_062","Placebo","T3_Post_drug","NBack_2",-2e-10,-1.47e-07,-3.89e-08,1.51e-07,1.01e-08,-6.28e-08,-3.45e-08,-4.62e-08,2.71e-07,2.72e-07,-2.04e-07,-2.81e-07,-6.27e-07,-2.25e-07,-1.57e-07,-4.72e-07,-1.6e-07,-1.94e-07,-1.96e-07,-1.21e-07,-5.98e-08,-4.58e-08,-6.72e-08,-3.54e-07,-3.86e-08
"130","FN_063","Placebo","T3_Post_drug","NBack_2",-5.18e-08,1.86e-08,-1.37e-07,-1.41e-07,-1.47e-07,2.82e-07,-2.77e-07,-2.17e-08,7.38e-09,-7.85e-08,-1.52e-08,-7.31e-08,-1.44e-07,-2.69e-07,-3.5e-08,-9.34e-07,2.57e-07,2.28e-07,-3.32e-07,7.69e-08,9.28e-08,-5.05e-08,-1.53e-07,-3.33e-07,-2.8e-09
"131","FN_065","Placebo","T3_Post_drug","NBack_2",-2.61e-07,-1.42e-07,-1.27e-07,-4.09e-07,-2.04e-07,-4.89e-07,-3.99e-07,-4.33e-07,-3.24e-07,8.4e-08,-3.58e-07,-3.83e-07,-2.67e-07,-3.25e-07,-2e-07,-2.22e-07,4.11e-08,-2.46e-07,-4.5e-07,-6.46e-08,-8.01e-08,-2.6e-07,-3.58e-07,-2.51e-07,-3.46e-07
"132","FN_066","Placebo","T3_Post_drug","NBack_2",8.06e-08,1.07e-07,5.9e-08,1.22e-07,-1.44e-07,7.33e-08,-3.44e-07,-1.53e-07,-1.5e-07,-1.1e-07,-1.04e-07,-2.25e-07,-2.06e-07,-2.33e-07,-4.93e-08,-7.53e-08,8.81e-08,1.7e-08,-8.31e-08,6.17e-08,-1.36e-08,-2.73e-08,-2.38e-07,-7.56e-08,3.76e-08
"133","FN_067","Placebo","T3_Post_drug","NBack_2",-5.75e-07,-3.2e-07,-1.03e-07,-5.26e-07,-6.59e-07,-7.58e-07,-6.7e-07,-6.84e-07,-5.66e-07,-4.67e-07,-3.89e-07,-2.73e-07,-2.03e-07,-5.11e-07,-2.37e-07,-3.03e-07,-4.22e-07,-1.55e-07,-1.98e-07,-1.73e-07,-3.2e-07,-5.59e-07,-5.05e-07,-2.19e-07,-4.44e-07
"134","FN_068","Placebo","T3_Post_drug","NBack_2",1.54e-07,-9.8e-08,2.1e-07,-1.38e-07,-1.35e-07,-2.41e-07,-4.14e-07,-1.69e-07,-2.83e-07,-2.66e-07,-4.15e-08,-8.32e-08,-5.09e-07,-3.05e-07,-1.89e-07,-1.14e-07,-1.85e-07,1.15e-08,1.22e-07,1.09e-07,-1.57e-07,-6.22e-08,-2.71e-07,-9.76e-08,-5.26e-08
"135","FN_070","Placebo","T3_Post_drug","NBack_2",-1.15e-07,-2.8e-07,1.11e-07,6.19e-09,-4.13e-07,-7.41e-07,-7.22e-07,-2.04e-07,-3.18e-07,-2.26e-07,-3.71e-07,-5.65e-07,-4.12e-07,-6.35e-07,-3.61e-07,-3.27e-07,-1.12e-07,1.99e-08,-5.47e-08,4.44e-08,-1.7e-07,-2.53e-07,-5.6e-07,-1.87e-07,-2.48e-07
"136","FN_072","Placebo","T3_Post_drug","NBack_2",2.23e-07,-1.19e-10,2.47e-07,4.73e-07,-7.99e-08,-1.05e-07,-1.11e-07,-3.44e-08,-1.04e-07,-9.28e-10,-2.74e-07,-3.13e-07,-3.22e-07,-3.31e-07,-2.41e-07,4.25e-08,-2.16e-07,4.2e-08,-6.07e-08,8.56e-08,-1.04e-07,2.72e-08,-2.14e-07,-6.37e-08,8.54e-08
"137","FN_073","Placebo","T3_Post_drug","NBack_2",-4.58e-08,-1.57e-07,-1.8e-08,6.99e-08,-1.23e-07,-8.67e-08,-1.33e-07,-1.12e-07,-6.5e-09,-3.52e-07,-4.21e-07,6.8e-08,1.24e-07,-1.58e-07,-6.14e-08,-1.09e-07,-3.75e-08,4.88e-08,7.58e-08,6.72e-08,-1.01e-07,-1.1e-07,-5.74e-08,3.96e-08,-1.14e-07
"138","FN_075","Placebo","T3_Post_drug","NBack_2",-2.33e-07,6.48e-08,-6.31e-08,-8.53e-08,-8.91e-08,-2.8e-07,-2.73e-07,3.74e-07,1.8e-07,4.14e-07,-1.35e-07,-7.2e-08,8.51e-08,-1.62e-07,1.25e-08,2.21e-07,2.63e-07,-9.02e-08,2.55e-07,6.93e-08,1.5e-07,2.91e-08,-8.18e-08,1.58e-07,-1.41e-07
"139","FN_076","Placebo","T3_Post_drug","NBack_2",-1.13e-07,-5.08e-07,-4.26e-07,-1.76e-06,-6.14e-07,-1.05e-06,-5.29e-07,-5.77e-07,-5.05e-07,-7.63e-07,-2.35e-06,-1.25e-06,-2.03e-06,-9.73e-07,-6.65e-07,-1.14e-06,-7.33e-07,-2.63e-07,-1.54e-06,-5.04e-07,-6.06e-07,-4.53e-07,-8.15e-07,-1.3e-06,-1.4e-06
"140","FN_077","Placebo","T3_Post_drug","NBack_2",1.66e-07,1.69e-08,3.5e-07,4.61e-07,7.07e-08,-3.15e-07,1.11e-07,3.85e-08,-4.5e-07,-1.55e-07,-5.57e-07,-1.34e-07,-4.8e-07,-3.19e-07,-2.42e-07,-1.69e-07,-3.35e-07,-3.01e-07,6.92e-07,5.73e-07,-2.58e-07,7.3e-08,-1.98e-07,1.54e-07,-1.51e-08
"141","FN_079","Placebo","T3_Post_drug","NBack_2",1.09e-07,-2.47e-07,1.44e-07,1.63e-07,-4.05e-07,-1.58e-07,-8.85e-07,-1.85e-07,-1.37e-07,-1.24e-07,-4.57e-07,-2.21e-07,-6.01e-07,-4.32e-07,-2.18e-07,6.13e-08,-3.39e-07,7.76e-08,4.65e-07,2.25e-07,-1.51e-07,-1.82e-07,-4.19e-07,3.74e-08,-7.7e-08
"142","FN_080","Placebo","T3_Post_drug","NBack_2",-1.8e-07,-1.03e-08,-1.49e-07,1.1e-07,-2.41e-07,-5.88e-08,-3.59e-07,-1.97e-07,-3.7e-07,-3.32e-07,-9.97e-08,-2.65e-07,-9.84e-08,-2.84e-07,-2.02e-07,-3.12e-08,-2.27e-07,-1.46e-07,6.73e-08,-5.34e-08,-2.27e-07,-1.57e-07,-3.2e-07,-2.89e-08,-4.93e-08
"143","FN_081","Placebo","T3_Post_drug","NBack_2",1.97e-09,-2.12e-07,-3.84e-08,-2.61e-07,-5.09e-07,-1.08e-06,-5.65e-07,-2.44e-07,-7.07e-07,-1.77e-07,-9.5e-07,-8.1e-07,-4.1e-07,-6.72e-07,-2.27e-07,1.26e-07,-7.82e-08,1.02e-07,1.03e-08,2.01e-07,-9.5e-08,-2.41e-07,-6.89e-07,-1.8e-08,-5.82e-07
"144","FN_082","Placebo","T3_Post_drug","NBack_2",-3.43e-08,-8.07e-08,5.81e-08,1.2e-07,5.23e-08,1.47e-07,5.31e-08,-1.47e-08,-3.32e-09,-6.97e-08,-4.64e-08,5.55e-09,-3.84e-08,-2.73e-09,-5.96e-09,7.85e-09,1.14e-07,-2.9e-08,2.27e-07,8.48e-08,2.27e-09,-1.94e-08,1.31e-08,7.02e-08,6.97e-08
"145","FN_083","Placebo","T3_Post_drug","NBack_2",-3e-07,-5.33e-07,-2.68e-07,-9.11e-07,-4.84e-07,-1.09e-06,-5.21e-07,-2.2e-07,-8.03e-07,-1.24e-07,-7.98e-07,-1.12e-06,-2.7e-07,-1.78e-07,-4.86e-07,-1.7e-06,-3.87e-07,-2.41e-07,-1.03e-06,-4.32e-07,-3.1e-07,-3.84e-07,-6.55e-07,-8.57e-07,-7.68e-07
"146","FN_084","Placebo","T3_Post_drug","NBack_2",-2.33e-07,-3.2e-07,2.47e-07,5.07e-07,-1.14e-07,3.32e-07,-5.1e-07,-1.85e-07,-1.68e-07,-1.24e-07,1.39e-07,-2.44e-07,-5.8e-07,-1.62e-07,9.47e-08,-1.26e-07,-2.76e-07,-4.52e-08,-4.49e-07,3.12e-07,-8.75e-08,-2.13e-07,-2.71e-07,-2.11e-07,3.06e-07
"147","FN_085","Placebo","T3_Post_drug","NBack_2",1.89e-08,-2.46e-08,-2.1e-08,1.69e-08,-1.41e-07,-7.95e-07,-3.62e-07,-3.51e-07,-1.65e-07,-2.03e-07,-9.15e-07,-3.13e-07,-8.56e-07,-4.47e-07,1.02e-07,-6.48e-07,-1.49e-07,-9.53e-08,7.94e-08,1.48e-07,-8.64e-08,-1.24e-07,-3.22e-07,-3.19e-07,-4.29e-07
"148","FN_087","Placebo","T3_Post_drug","NBack_2",1.81e-07,1.74e-07,5.61e-08,2.73e-07,-9.65e-08,1.54e-07,2.68e-08,2.01e-07,2.46e-07,4.95e-07,2.86e-07,3.77e-07,9.45e-07,3.93e-07,2.58e-07,5.3e-07,4.54e-07,1.6e-07,6.24e-07,1.25e-07,3.42e-07,1.15e-07,2.61e-07,5.56e-07,1.92e-07
"149","FN_089","Placebo","T3_Post_drug","NBack_2",3.04e-07,1.82e-07,2.19e-07,5.94e-07,4.02e-09,4.05e-07,-7.5e-08,-2.33e-08,1.1e-07,1.71e-08,-1.34e-07,-1.92e-07,-4.29e-07,-3.12e-07,-9.71e-08,1.41e-07,2.35e-07,5.25e-07,4.22e-07,4.55e-07,1.7e-07,1.17e-07,-1.17e-07,1.47e-07,2.71e-07
"150","FN_090","Placebo","T3_Post_drug","NBack_2",-4.6e-07,3.14e-07,1.28e-07,3.07e-08,-6.49e-07,-5.86e-07,-5.3e-07,-3.57e-07,-4.07e-07,-1.49e-07,-3.55e-07,-2.24e-07,-2.48e-07,-3.02e-07,-4e-07,-2.39e-07,1.13e-07,-4.47e-07,5.63e-08,-5.31e-08,-2.21e-07,-2.88e-07,-3.66e-07,-1.21e-07,-1.95e-07
"151","FN_092","Placebo","T3_Post_drug","NBack_2",3.13e-07,3.66e-07,3.82e-07,5.72e-07,1.61e-07,1.6e-07,9.56e-09,2.88e-07,4.62e-08,2.25e-07,3.85e-07,3.64e-07,3.28e-07,4.58e-08,3.1e-07,4.86e-07,1.69e-07,2.14e-07,8.58e-07,3.86e-07,2.3e-07,2.82e-07,1.17e-07,5.14e-07,3.75e-07
"152","FN_093","Placebo","T3_Post_drug","NBack_2",1.99e-07,4.02e-07,-6.44e-09,4.82e-07,5.34e-07,3.96e-07,7.87e-07,3.75e-07,5.9e-07,4.62e-07,3.79e-07,2.41e-07,4.69e-08,8.97e-07,4.84e-07,2.4e-07,7.5e-08,2.1e-07,-3.99e-07,-1.26e-08,3.08e-07,3.78e-07,6.29e-07,-3.11e-08,3.12e-07
"153","FN_094","Placebo","T3_Post_drug","NBack_2",-2e-07,-2.73e-07,-5.16e-08,-3.91e-07,-2.13e-07,-3.47e-07,-3.38e-07,-4.24e-07,-5.15e-07,-1.65e-07,-6.91e-07,-6.87e-07,-4.06e-07,-5.04e-07,-2.4e-07,2.02e-09,-1.97e-07,-3.69e-07,-1.26e-07,-1.69e-07,-2.43e-07,-2.78e-07,-5.11e-07,-1.75e-07,-3.7e-07
"154","FN_097","Placebo","T3_Post_drug","NBack_2",-1e-07,1.68e-07,8.52e-08,4.56e-07,-3.75e-07,3e-07,-3.81e-07,2.19e-07,-7.91e-08,2.59e-07,1.9e-07,-6.75e-07,-2.36e-07,-3.41e-07,-1.67e-07,-2.94e-07,-8.52e-08,-2.08e-07,5.01e-07,4.62e-08,-5.01e-08,-2.21e-08,-3.69e-07,4.19e-09,2.58e-07
"155","FN_030","Drug","T1_Pre_drug","NBack_2",4.07e-08,9.91e-08,1.86e-07,6.32e-08,2.04e-07,-2.77e-07,-1.53e-07,3.51e-07,2.36e-07,4.53e-07,-5.7e-08,-1.4e-07,-4.81e-08,-2.11e-07,2.17e-08,-3.52e-07,9.2e-08,-2.58e-08,-1.02e-07,2.52e-07,1.35e-07,1.74e-07,-6.71e-08,-6.23e-08,-2.12e-08
"156","FN_031","Drug","T1_Pre_drug","NBack_2",6.83e-08,-6.92e-09,1.81e-07,1.15e-07,-1.01e-07,-1.84e-07,-1.58e-07,-1.14e-07,8.89e-08,1.4e-07,-1.97e-07,-8.45e-08,2.15e-08,-8.57e-08,-8.24e-08,-6.59e-08,6.77e-08,9.24e-08,7.03e-08,5.11e-08,5.43e-08,-3.85e-08,-5.98e-08,1.93e-08,-2.12e-08
"157","FN_032","Drug","T1_Pre_drug","NBack_2",7.76e-08,3.42e-07,2.93e-07,7.56e-07,1.47e-07,1.62e-08,2.62e-07,3.6e-07,4.22e-07,4.25e-07,3.72e-07,4.13e-07,4.9e-07,4.98e-07,5.04e-07,7.66e-07,6.38e-07,-3.05e-07,1.02e-06,2.4e-07,3.16e-07,2.32e-07,3.99e-07,6.28e-07,3.59e-07
"158","FN_035","Drug","T1_Pre_drug","NBack_2",2.46e-07,-5.77e-09,6.87e-08,-2.64e-07,-1.67e-08,-5.65e-08,-1.89e-07,8.69e-08,-1.22e-07,1.73e-07,-6.9e-07,-5.73e-07,-4.88e-07,-8.99e-08,2.44e-07,8.87e-08,3.22e-07,1.33e-07,-1.66e-07,-8.76e-08,2.18e-07,7.75e-08,-2.44e-07,-1.63e-07,-2.35e-07
"159","FN_036","Drug","T1_Pre_drug","NBack_2",5.22e-08,5.4e-08,2.11e-08,2.42e-07,2.67e-08,8.05e-08,4.8e-08,1.68e-09,1.27e-08,8.19e-08,-8.77e-08,-1.29e-07,-1.77e-07,-8.19e-08,3.11e-08,-6.1e-08,1.07e-07,2e-07,-1.24e-07,-7.95e-08,1.05e-07,3.37e-08,-3.75e-08,-1.1e-07,6.4e-08
"160","FN_037","Drug","T1_Pre_drug","NBack_2",3.11e-08,-2.29e-07,7.39e-08,1.91e-07,-3.3e-07,-3.84e-08,-2.69e-07,-4.32e-07,-8.42e-08,-9.24e-08,-3.67e-07,-2.25e-07,-1.91e-07,-2.52e-07,-1.4e-07,-1.22e-07,-1.29e-07,1.77e-07,1.48e-07,8.6e-08,-4.6e-08,-2.4e-07,-2.07e-07,-1.97e-08,-3.51e-08
"161","FN_039","Drug","T1_Pre_drug","NBack_2",3.86e-07,5.23e-07,-1.07e-07,-9.88e-09,4.81e-07,7.96e-07,2.08e-07,4.88e-07,4.04e-07,5.14e-07,9.19e-07,2.92e-07,-5.89e-07,3.3e-07,2.64e-07,5.47e-07,3.04e-07,4.02e-07,-2.49e-07,7.48e-08,3.71e-07,4.69e-07,3.09e-07,-5.4e-08,3.99e-07
"162","FN_040","Drug","T1_Pre_drug","NBack_2",1.87e-08,8.55e-08,1.29e-07,1.39e-07,-1.99e-08,1.57e-07,-6.3e-08,-5.65e-10,-3.33e-08,-1.89e-07,-3.98e-07,8.56e-08,-5.88e-08,-1.66e-07,1.38e-07,4.42e-09,1.38e-07,2.5e-07,7.7e-08,7.3e-08,8.42e-08,2.09e-08,-4.41e-08,2.39e-08,6.82e-09
"163","FN_042","Drug","T1_Pre_drug","NBack_2",-2.05e-08,3.39e-07,1.94e-07,6.8e-07,1.17e-07,3.27e-07,9.77e-08,9.07e-08,-2.16e-07,3.66e-08,5.01e-07,1.87e-07,5.96e-07,-7.32e-08,9.89e-08,2.36e-07,8.36e-08,-3.66e-08,5.92e-07,2.69e-08,4.56e-08,1.32e-07,-1.05e-09,3.63e-07,4.25e-07
"164","FN_043","Drug","T1_Pre_drug","NBack_2",3.35e-07,9.37e-08,3.53e-07,6.4e-07,9.27e-08,1.84e-07,-9.57e-09,5.14e-08,4.8e-08,1.34e-07,6.24e-08,-3.48e-08,1.55e-07,5.59e-08,2.36e-07,4.9e-07,1.99e-07,5.62e-07,7.8e-07,4.18e-07,2.83e-07,1.43e-07,1.49e-08,4.61e-07,3.1e-07
"165","FN_045","Drug","T1_Pre_drug","NBack_2",3.5e-07,2.75e-07,-6.2e-09,-1.97e-07,1.01e-07,8.31e-08,-2.86e-09,2.11e-07,6.37e-08,2.54e-07,4.43e-07,4.17e-08,1.71e-07,2.19e-08,-4.13e-08,-7.63e-08,4.24e-08,2.03e-07,-5.54e-08,5.59e-08,1.15e-07,2.34e-07,3.11e-08,2.39e-08,8.06e-08
"166","FN_046","Drug","T1_Pre_drug","NBack_2",2.13e-07,8.9e-08,1.02e-07,-1e-07,1.78e-07,2.1e-07,-8.05e-09,2.37e-07,-4.07e-08,1.18e-07,-2.86e-08,1.46e-07,NA,-4.9e-07,-5.82e-08,1.2e-07,1.04e-07,1.73e-07,3.49e-07,1.79e-07,8.42e-08,1.79e-07,-9.83e-08,2.16e-07,4.58e-08
"167","FN_047","Drug","T1_Pre_drug","NBack_2",1.23e-07,5.75e-07,6.48e-08,3.39e-07,5.13e-07,3.66e-07,3.95e-07,3.12e-07,2.76e-07,4.67e-07,7.45e-07,3.49e-07,5.25e-07,3.21e-07,5.39e-07,6.68e-07,6.42e-07,6.11e-07,7.62e-07,2.67e-07,5.65e-07,3.81e-07,3.35e-07,5.56e-07,3.79e-07
"168","FN_048","Drug","T1_Pre_drug","NBack_2",4.23e-08,-1.16e-07,-2.43e-07,-1.69e-07,-2.21e-07,-3.13e-07,-4.28e-07,-1.04e-07,-1.62e-07,-1.81e-07,-2.06e-07,-1.19e-07,-2.81e-07,-3.48e-07,1.43e-08,5.37e-08,-1.1e-07,1.81e-08,1.06e-07,3.67e-08,-6.45e-08,-9.95e-08,-2.64e-07,-2.12e-08,-2.33e-07
"169","FN_049","Drug","T1_Pre_drug","NBack_2",-1.29e-07,-7.57e-08,-6.4e-08,-3.1e-09,-9.81e-08,-1.2e-07,-1.26e-07,-1.95e-07,-1.56e-07,-2.18e-07,-1.56e-07,-1.35e-07,-1.61e-07,-1.08e-07,-1.67e-07,-2.59e-07,-2.07e-07,-2.12e-08,-2.09e-07,8e-08,-1.53e-07,-1.25e-07,-1.31e-07,-1.37e-07,-8.58e-08
"170","FN_050","Drug","T1_Pre_drug","NBack_2",7.94e-08,7.54e-08,1.34e-08,4.35e-08,3.43e-09,-1.05e-07,-1.15e-07,-1.25e-08,-9.16e-08,2.26e-08,-2e-08,-8.7e-08,-1.99e-07,-6.96e-08,3.04e-08,-8.46e-08,1.46e-07,7.74e-09,3.83e-08,1.62e-08,5.16e-08,3.64e-08,-9.08e-08,-5.72e-08,-1.71e-08
"171","FN_051","Drug","T1_Pre_drug","NBack_2",-2.48e-07,-7.07e-07,2.36e-08,2.35e-07,-5.62e-07,2.02e-08,-5.34e-07,-2.97e-07,-6.55e-07,-7.97e-07,-4.71e-07,-9.43e-09,-1.19e-07,-5.73e-07,-4.06e-07,-1.06e-08,-5.09e-07,-1.93e-07,-1.55e-08,9.13e-09,-4.76e-07,-4.53e-07,-4.43e-07,-3.41e-08,-4.8e-08
"172","FN_052","Drug","T1_Pre_drug","NBack_2",-1.8e-08,-1.23e-07,8.6e-08,1.54e-08,-3.37e-07,-1.11e-07,-4.46e-07,-9.16e-08,-5.82e-07,-4.66e-07,-1.19e-07,-2.05e-07,-4.87e-07,-5.09e-07,-3.53e-07,-4.91e-07,-1.31e-07,-1.2e-07,-3.46e-07,9.41e-09,-2.67e-07,-1.42e-07,-4.36e-07,-3.29e-07,-3.21e-08
"173","FN_053","Drug","T1_Pre_drug","NBack_2",6.92e-07,-4.9e-07,4.43e-07,-1.22e-07,-3.84e-07,-3.21e-07,7.7e-08,-6.57e-07,-3.89e-07,-6.73e-07,-5.76e-08,-2.71e-07,-3.56e-07,-3.45e-07,-2.19e-07,-2.98e-07,-3.03e-07,6.01e-07,3.07e-07,1.29e-07,-1.48e-07,-2.1e-07,-2.32e-07,-5.45e-08,-1.45e-08
"174","FN_054","Drug","T1_Pre_drug","NBack_2",1.66e-07,4.56e-08,4.09e-07,-1.31e-07,-3.17e-07,2.41e-07,6.46e-07,-4.39e-07,8.97e-08,-5.36e-07,-3.23e-07,-2.77e-08,-6.29e-07,2.11e-08,-2.5e-07,-2.49e-07,-5.36e-08,-2.36e-07,1.41e-07,2.83e-07,-2.69e-07,-1.36e-07,1.82e-07,-1.14e-07,4.93e-08
"175","FN_055","Drug","T1_Pre_drug","NBack_2",2.94e-08,6.77e-08,5.67e-08,1.89e-09,7.5e-09,-7.25e-08,-3.09e-08,1.72e-07,4.89e-08,5.06e-08,-8.16e-08,-2.62e-07,-1.71e-07,4.95e-09,-5.82e-08,8.76e-09,-1.85e-08,2.8e-08,2.88e-08,-9.25e-08,4.68e-10,6.92e-08,-5.98e-08,-5.66e-08,-2.39e-08
"176","FN_056","Drug","T1_Pre_drug","NBack_2",-1.59e-07,-4.56e-07,-2.92e-07,-1.12e-06,-8.72e-07,-1.4e-06,-1.3e-06,-8.34e-07,-1.02e-06,-6.77e-07,-1.83e-06,-1.49e-06,-1.76e-06,-1.33e-06,-8.05e-07,-1.2e-06,-6.33e-07,-4.35e-07,-9.56e-07,-3.93e-07,-6.38e-07,-5.8e-07,-1.28e-06,-1.08e-06,-1.16e-06
"177","FN_057","Drug","T1_Pre_drug","NBack_2",-5.55e-08,-7.51e-08,-1.78e-07,-6.2e-07,-1.87e-08,-1.83e-07,4.88e-09,-7.22e-08,-1.49e-08,-2.07e-07,-3.17e-07,-2.41e-07,-5.23e-07,-4.8e-08,-1.33e-07,-2.5e-07,-1.19e-07,-4.71e-09,-2.15e-07,-8.88e-08,-1.16e-07,-5.54e-08,-7.47e-08,-2.69e-07,-3.24e-07
"178","FN_059","Drug","T1_Pre_drug","NBack_2",-1.33e-07,-4.04e-07,-1.97e-07,-4.89e-07,-4.99e-07,-5.61e-07,-5.34e-07,-4.04e-07,-4.47e-07,-2.83e-07,-2.71e-07,-2.41e-07,-4.25e-07,-4.01e-07,-2.97e-07,-7.94e-07,-3.31e-07,-9.64e-07,-5.8e-07,-2.4e-07,-4.69e-07,-3.6e-07,-4.06e-07,-5.1e-07,-3.8e-07
"179","FN_060","Drug","T1_Pre_drug","NBack_2",7.67e-07,6.42e-08,7.36e-07,8.48e-07,2.25e-07,9.51e-07,1.75e-07,-7.78e-08,5.95e-08,-3.16e-08,8.85e-07,4.09e-07,5.01e-07,-3.32e-07,-2.91e-07,-1.8e-07,2.2e-07,9.07e-07,4.8e-07,6.47e-07,2.01e-07,2.45e-07,7.78e-08,3.62e-07,8.55e-07
"180","FN_061","Drug","T1_Pre_drug","NBack_2",4.64e-07,4.15e-07,5.21e-07,9.3e-07,2.81e-07,NA,4.65e-07,-1.52e-07,2.51e-07,2.52e-07,7.26e-07,6.08e-07,5.84e-07,2.65e-07,2.78e-07,6.94e-07,3.82e-07,7.19e-07,8.88e-07,4.2e-07,4.08e-07,2.52e-07,3.97e-07,6.46e-07,7.26e-07
"181","FN_062","Drug","T1_Pre_drug","NBack_2",-2.03e-07,-3.6e-07,-1.15e-07,-3.18e-07,-2.59e-07,-5.74e-07,-3.37e-07,-2.19e-07,-2.15e-07,-3.61e-07,-2.93e-07,-2.6e-07,-3.37e-07,-2.81e-07,-2.57e-07,-3.53e-07,-3.13e-07,-2.29e-07,-3.91e-07,-1.34e-07,-2.9e-07,-2.6e-07,-2.73e-07,-3.04e-07,-3.25e-07
"182","FN_063","Drug","T1_Pre_drug","NBack_2",1.57e-07,2.42e-07,-2.37e-08,6.89e-07,-3.83e-09,3.28e-07,-2.51e-07,-1.06e-08,-1.16e-07,1.72e-07,1.22e-07,6.67e-08,3.41e-07,5.85e-08,7.15e-08,4.69e-07,1.54e-07,1.53e-07,5.8e-07,-1.73e-08,1.38e-07,9.63e-08,-6.04e-08,3.43e-07,2.79e-07
"183","FN_064","Drug","T1_Pre_drug","NBack_2",2.31e-08,-1.72e-07,1.17e-07,-3.28e-07,-4.84e-07,-5.1e-07,-5.33e-07,-1.79e-07,-2.75e-07,-3.13e-07,-6.59e-07,-5.73e-07,-1.56e-06,-1.81e-07,-1.08e-07,-4.47e-07,-2.96e-07,-1.04e-08,-3.76e-07,-1.88e-08,-1.82e-07,-2.03e-07,-3.91e-07,-6e-07,-3.45e-07
"184","FN_065","Drug","T1_Pre_drug","NBack_2",-3.98e-07,-1.25e-08,-3.12e-07,-4.78e-07,-2.4e-07,-3.99e-07,-3.95e-07,-9.5e-08,-1.74e-07,-1e-07,-2.38e-07,-2.87e-07,-3.15e-07,-2.27e-07,-1.47e-07,-7.22e-08,-7.02e-08,-1.48e-07,-1.32e-07,-1.4e-07,-1.16e-07,-1.86e-07,-2.71e-07,-1.65e-07,-3.57e-07
"185","FN_066","Drug","T1_Pre_drug","NBack_2",-2.74e-08,-1.18e-07,4.34e-08,4.73e-08,-1.3e-07,-2.6e-09,-2.02e-07,-1.75e-07,-1.93e-08,-9.44e-08,-3.82e-07,-1.71e-07,-4.21e-07,-7.67e-08,5.53e-08,-3.1e-07,2.34e-07,1.65e-07,-3.27e-07,9.8e-08,9e-08,-1.13e-07,-1.17e-07,-2.4e-07,-7.36e-08
"186","FN_067","Drug","T1_Pre_drug","NBack_2",8.43e-09,-2.22e-08,1.21e-07,1.08e-06,-1.41e-07,1.51e-07,2.02e-07,9.65e-08,7e-08,-2e-08,6.66e-07,4.33e-07,1.89e-06,-1.28e-07,-9.59e-08,8.38e-07,9.99e-07,3.8e-07,2.37e-07,-3.84e-07,3.16e-07,-1.45e-08,1.44e-07,6.46e-07,5.05e-07
"187","FN_068","Drug","T1_Pre_drug","NBack_2",-7.59e-09,1.17e-09,1.1e-07,-8.31e-08,-8.47e-08,-3.76e-08,-2.4e-07,-2.72e-08,-1.97e-07,-2.54e-08,6.21e-08,-2.77e-07,-3.11e-07,-2.09e-07,-9.4e-08,-2.12e-07,2.16e-09,-5.66e-09,-4.67e-08,1.47e-08,-3.07e-08,-2.96e-08,-2.31e-07,-1.39e-07,1.29e-08
"188","FN_070","Drug","T1_Pre_drug","NBack_2",-5.26e-09,-3.33e-07,-2.19e-08,-1.5e-07,-3.11e-07,-4.07e-07,-4.19e-07,-4.23e-07,-2.79e-07,-9.48e-07,-6.44e-07,-6.17e-07,-6.87e-07,-5.24e-07,-3.31e-07,-4.51e-07,NA,-1.42e-07,-4e-07,-9.67e-08,-4.74e-07,-2.68e-07,-4.6e-07,-4.09e-07,-3.06e-07
"189","FN_071","Drug","T1_Pre_drug","NBack_2",1.46e-07,4.56e-07,2.26e-07,2.04e-07,2.57e-07,1.63e-07,5.77e-07,3.18e-07,4.34e-07,2.02e-07,3.18e-07,5.13e-07,1.81e-07,4.17e-07,1.95e-07,4.64e-07,3.93e-07,3.73e-07,-3.02e-07,-8.45e-08,2.91e-07,2.94e-07,4.85e-07,6.47e-08,2.28e-07
"190","FN_072","Drug","T1_Pre_drug","NBack_2",1.6e-07,3.67e-07,2.39e-07,-1.16e-07,1.39e-07,-2.61e-07,-3.74e-08,7.12e-07,-8.6e-08,1.2e-07,3.23e-07,-2.47e-07,4.02e-07,-6.64e-07,2.66e-07,1.05e-08,5.36e-07,9.03e-07,5.36e-07,5.46e-07,4.56e-07,3.45e-07,-2.59e-07,3.73e-07,4.63e-08
"191","FN_073","Drug","T1_Pre_drug","NBack_2",-5.09e-08,-1.29e-07,-8.7e-08,-2.5e-07,-1.74e-07,-2.45e-07,-2.01e-07,-1.78e-07,-1.04e-08,-1.66e-08,-2.35e-07,2.74e-08,-1.53e-07,-1.19e-07,-1.68e-08,2.86e-08,-3.76e-08,-2.02e-08,-1.14e-07,1.71e-08,-2.28e-08,-1.33e-07,-7.59e-08,-5.53e-08,-2.04e-07
"192","FN_075","Drug","T1_Pre_drug","NBack_2",-1.4e-07,-1.96e-07,-9.47e-08,-2.71e-07,-1.9e-07,-2.71e-07,-3.33e-07,-1.92e-07,-2.55e-07,-1.23e-07,-9.95e-08,-1.51e-07,-1.79e-07,-3.26e-07,-1.79e-07,-3.09e-07,-1.38e-07,-9.31e-08,-3.97e-07,-1.47e-07,-1.33e-07,-1.8e-07,-2.66e-07,-2.58e-07,-1.84e-07
"193","FN_076","Drug","T1_Pre_drug","NBack_2",2.91e-07,2.27e-07,4.64e-08,-5.6e-08,-1.8e-07,-4.34e-07,-5.3e-07,-1e-07,-2.69e-07,-5.94e-08,-5.18e-08,-2.64e-07,4.68e-09,-2.89e-07,-6.14e-08,-1.01e-07,-1.42e-07,6.5e-08,1.33e-07,-4.88e-08,-4.93e-08,5.94e-08,-3.38e-07,-3.02e-09,-1.24e-07
"194","FN_077","Drug","T1_Pre_drug","NBack_2",-6.31e-08,5.72e-08,5.36e-07,7.02e-07,1.53e-08,4.09e-07,-1.16e-07,-2.11e-07,-3.08e-07,-6.17e-08,4.87e-07,-1.23e-07,4.69e-07,-2.5e-07,-2.12e-07,1.17e-07,5.35e-08,1.57e-07,2.45e-09,-8.59e-08,-1.58e-08,-5.04e-08,-1.99e-07,1.26e-07,5.33e-07
"195","FN_079","Drug","T1_Pre_drug","NBack_2",1.49e-07,1.98e-07,-1.51e-08,-2.07e-07,4.18e-07,2.67e-07,1.51e-07,2.36e-07,2.12e-07,2.91e-07,2e-07,2.93e-07,-1.66e-07,2.79e-08,2.46e-07,1.84e-07,2.21e-07,5.85e-08,1.24e-07,-1.16e-07,2.04e-07,2.5e-07,1.71e-07,6.64e-09,6.11e-08
"196","FN_080","Drug","T1_Pre_drug","NBack_2",-2.35e-07,-1.38e-07,-1.2e-07,-2.42e-07,-2.99e-07,-1.25e-07,-2.83e-07,-1.04e-07,-2.29e-07,-1.05e-07,-1.91e-07,-1.42e-07,-5.13e-08,-3.68e-07,-1.35e-07,-3.85e-08,3.38e-08,-1.62e-07,8.23e-08,-2.92e-08,-9.2e-08,-1.94e-07,-2.55e-07,-9.15e-09,-1.69e-07
"197","FN_081","Drug","T1_Pre_drug","NBack_2",-4.29e-07,-7.44e-07,-4.01e-07,-1.14e-06,-8.54e-07,-1.46e-06,-1.17e-06,-5.72e-07,-9.17e-07,-7.02e-07,-1.11e-06,-9.74e-07,-1.42e-06,-9.82e-07,-5.95e-07,-1.07e-06,-6.5e-07,-1.18e-07,-1.31e-06,-4.77e-07,-5.16e-07,-6.5e-07,-1.01e-06,-1.07e-06,-1.03e-06
"198","FN_082","Drug","T1_Pre_drug","NBack_2",-1.51e-07,-4.43e-07,-5.14e-08,-1.05e-08,-2.14e-07,-2.3e-07,-3.35e-07,-2.35e-07,-3.27e-07,-3.08e-07,-5.2e-07,-3.74e-07,-2.04e-07,-2.84e-07,-1.94e-07,-1.88e-07,-1.16e-07,-3.36e-07,-2.53e-08,-2.7e-08,-2.38e-07,-2.61e-07,-3.3e-07,-1.11e-07,-2.03e-07
"199","FN_083","Drug","T1_Pre_drug","NBack_2",-1.24e-07,-5.01e-07,-4.98e-07,-5.37e-07,-4.96e-07,-3.31e-07,-7.98e-07,-4.31e-07,-4.93e-07,-3.04e-07,-7.43e-07,-3.35e-07,-1.32e-06,-8.57e-07,-7.09e-07,-1.89e-07,-5.46e-07,-1.23e-07,-8.18e-07,-1.85e-07,-4.2e-07,-3.88e-07,-6.21e-07,-6.27e-07,-5.27e-07
"200","FN_084","Drug","T1_Pre_drug","NBack_2",-2.22e-08,9.13e-08,4.74e-08,-2.51e-07,-2.41e-07,-1.95e-07,-9.27e-08,-5.23e-09,1.02e-07,1.43e-07,-6.1e-07,-3.57e-08,-8.85e-07,-7.09e-08,-4.68e-08,-1.42e-07,5.18e-08,1.48e-07,-4.94e-07,6.89e-08,7.41e-08,-4.42e-08,-2.43e-08,-3.63e-07,-2.52e-07
"201","FN_085","Drug","T1_Pre_drug","NBack_2",-8.17e-08,-4.93e-08,1.2e-07,2.3e-07,-1.72e-07,2.07e-07,-2.06e-07,-2.24e-08,-2.06e-07,-1.34e-07,1.73e-07,-2.93e-07,-7.08e-07,-3.43e-07,-4.05e-07,-5.11e-08,-2.03e-07,-1.28e-07,-2.73e-07,-7.29e-08,-2.17e-07,-8.13e-08,-2.62e-07,-2.76e-07,1.82e-07
"202","FN_087","Drug","T1_Pre_drug","NBack_2",9.93e-08,1.69e-08,-5.23e-08,3.94e-08,-3.61e-08,3.41e-08,-1.42e-07,2.41e-07,1.13e-07,1.97e-07,-2.2e-07,1.21e-07,-2.09e-07,-3.61e-08,4.23e-08,1.2e-07,9.47e-08,-1.65e-08,-2.97e-08,4.07e-08,7.94e-08,8.02e-08,1.41e-08,-1.95e-08,-4.98e-08
"203","FN_089","Drug","T1_Pre_drug","NBack_2",-7.34e-08,-1.67e-07,5.81e-08,1.48e-07,-1.07e-07,1.77e-07,-9.64e-08,-2.47e-07,-2.16e-08,-6.56e-07,2.91e-08,1.13e-07,-5.87e-08,-6.88e-08,-5.28e-07,-5.84e-09,-6.64e-07,-4.25e-07,-2.07e-07,-2.33e-08,-5.68e-07,-1.49e-07,-1.85e-08,-7.36e-08,1.03e-07
"204","FN_090","Drug","T1_Pre_drug","NBack_2",8.37e-08,-1.54e-07,-1.46e-07,-7.08e-07,-3.82e-07,-1e-06,-5.53e-07,-2.8e-07,-2.55e-07,-4.8e-07,5.32e-07,-2.62e-07,4.78e-07,-3.2e-07,-7.06e-08,9.87e-10,-1.62e-07,-1.01e-07,-3.69e-07,-2.33e-07,-2.03e-07,-1.83e-07,-3.48e-07,-3.06e-08,-3.31e-07
"205","FN_092","Drug","T1_Pre_drug","NBack_2",2.16e-08,3.76e-08,8.19e-08,1.72e-08,-3.67e-08,2.74e-08,-1.01e-07,6.62e-08,-1.79e-07,-7.11e-08,2.18e-09,-9.42e-08,-7.43e-09,-1.32e-07,-2.29e-07,7.77e-08,-3.03e-07,6.92e-08,5.75e-08,9.29e-08,-1.34e-07,2.22e-08,-1.27e-07,5.52e-08,3.22e-08
"206","FN_093","Drug","T1_Pre_drug","NBack_2",2.6e-07,3.92e-07,6.09e-08,1.65e-07,9.08e-08,3.21e-07,-3.5e-08,1.23e-07,-6.07e-08,1.25e-07,3.65e-07,1.07e-07,-1.08e-07,8.91e-08,1.44e-07,3.58e-07,1.85e-07,1.16e-07,6.35e-07,1.74e-07,1.43e-07,2.16e-07,2.51e-08,2.65e-07,2.28e-07
"207","FN_094","Drug","T1_Pre_drug","NBack_2",2.78e-07,9.5e-08,7.95e-08,2.18e-07,-1.6e-07,-1.18e-07,-2.02e-07,-1.91e-07,-1.46e-07,2.6e-09,-6.74e-07,1.48e-07,2.34e-07,-7e-07,3.38e-07,1.75e-07,1.96e-07,3.15e-07,4.04e-07,3.84e-07,2.13e-07,5.72e-09,-2.25e-07,2.99e-07,-1.24e-07
"208","FN_097","Drug","T1_Pre_drug","NBack_2",-4.7e-08,-3.75e-07,5.86e-08,-6.59e-07,-1.78e-07,3.36e-08,-3.21e-07,-3.83e-07,-4.49e-07,-2.78e-07,-1.09e-06,-9.87e-08,7.08e-07,-1.06e-07,-2.13e-07,-1.93e-08,-1.17e-08,-6.59e-08,-4.87e-08,1.13e-07,-1.42e-07,-2.46e-07,-2.44e-07,1.88e-07,-4.13e-07
"209","FN_030","Drug","T2_Post_drug","NBack_2",-3.62e-08,-5.48e-08,-1.78e-07,-2.78e-07,-4.69e-08,-5.13e-07,-4.58e-09,9.11e-08,2.13e-07,1.05e-07,-3.58e-07,1.14e-07,-1.15e-08,2.24e-07,1.06e-07,-2.62e-08,6.86e-08,3.46e-08,5.69e-08,4.55e-08,7.87e-08,-1.17e-08,1.37e-07,1.62e-08,-3.32e-07
"210","FN_031","Drug","T2_Post_drug","NBack_2",-1e-08,-3.25e-08,9.29e-08,3.09e-08,-1.53e-07,-4.44e-08,-5.73e-08,2.62e-08,-1.7e-07,2.27e-08,-2.49e-07,-1.19e-07,8.61e-08,-1.34e-07,-5.45e-08,-2.36e-08,-1.28e-08,2.26e-08,-2.44e-08,-2.3e-08,-5.49e-09,-4.23e-08,-1.2e-07,3.78e-09,-4.24e-08
"211","FN_032","Drug","T2_Post_drug","NBack_2",3.67e-07,4.51e-07,2.37e-07,3.15e-07,2.19e-07,-1.17e-07,3.55e-07,5.08e-07,2.7e-07,3.85e-07,3.72e-07,4.85e-07,3.94e-07,4.05e-07,4.17e-07,4.55e-07,3.38e-07,2.58e-07,6.04e-07,1.57e-07,3.5e-07,3.86e-07,3.79e-07,4.02e-07,2.02e-07
"212","FN_035","Drug","T2_Post_drug","NBack_2",1.55e-07,-7.14e-08,1.76e-08,-4.27e-07,-2.01e-07,-1.93e-07,-2.35e-07,-5.35e-08,-2.97e-08,1.33e-07,-8.59e-07,-3.17e-07,-4.13e-07,-1.2e-07,1.86e-07,-5.66e-08,5.06e-07,1.96e-07,-2.19e-07,-1.3e-08,2.56e-07,-4.29e-08,-1.75e-07,-1.75e-07,-3.65e-07
"213","FN_036","Drug","T2_Post_drug","NBack_2",1.02e-07,1.19e-08,3.45e-08,3.85e-07,-8.37e-08,-1.11e-07,-3.03e-07,-4.33e-08,-8.51e-08,4.59e-08,-8.31e-08,-1.39e-07,-5.48e-08,-1.22e-07,7.42e-08,3.2e-08,5.95e-08,2.44e-07,1.39e-07,5.31e-08,1.06e-07,-3.32e-09,-1.62e-07,4.24e-08,5.62e-08
"214","FN_037","Drug","T2_Post_drug","NBack_2",3.02e-08,-1.46e-07,1.06e-07,1.21e-07,-3.02e-07,-3.88e-08,-1.73e-07,-3.14e-07,-2.17e-07,-2.7e-07,-2.31e-07,-1.44e-07,-1.64e-07,-2.18e-07,-1.2e-07,7.92e-09,3.26e-09,8.82e-08,3.37e-07,6.71e-08,-7.48e-08,-1.83e-07,-1.88e-07,6.2e-08,-1.06e-08
"215","FN_039","Drug","T2_Post_drug","NBack_2",3.19e-07,3.28e-07,1.49e-08,-4.82e-08,1.93e-07,1.91e-07,3.13e-07,4.88e-07,1.49e-07,2.95e-07,9.73e-08,-3.17e-07,2.02e-07,8.55e-08,1.18e-07,4.49e-08,4.44e-07,1.3e-07,1.19e-07,1.97e-07,2.47e-07,3.32e-07,5.76e-08,1.41e-07,6.37e-08
"216","FN_040","Drug","T2_Post_drug","NBack_2",3.06e-07,1.77e-07,5.99e-10,3.42e-07,1.95e-07,4.72e-07,-4.36e-07,3.1e-08,-1.52e-07,-1.17e-07,-1.47e-07,-1.04e-07,5.63e-08,-8.46e-08,1.39e-07,1.85e-07,-3.83e-08,7.95e-08,-5.93e-08,-2.99e-09,1.58e-08,1.77e-07,-1.94e-07,4.46e-08,1.67e-07
"217","FN_042","Drug","T2_Post_drug","NBack_2",1.12e-07,2.37e-07,2.1e-07,4.37e-07,1.87e-07,3.54e-07,2.62e-07,2.05e-07,1.74e-07,2.72e-07,4.64e-07,3.54e-07,6.98e-07,4.41e-07,3.43e-07,6.4e-07,2.67e-07,4.42e-07,1.28e-06,3.72e-07,3.31e-07,1.85e-07,3.08e-07,7.47e-07,3.66e-07
"218","FN_043","Drug","T2_Post_drug","NBack_2",6.7e-08,2.24e-07,2.48e-07,1.85e-07,3e-07,6.55e-07,1.71e-07,3.75e-07,5.56e-08,2.97e-07,5.82e-07,2.92e-07,4.82e-07,2.41e-07,2.73e-07,1.97e-07,7.37e-08,2.52e-07,2.61e-09,2.03e-08,2.24e-07,2.41e-07,1.9e-07,1.75e-07,4.17e-07
"219","FN_045","Drug","T2_Post_drug","NBack_2",-1.93e-07,-1.16e-07,-2.51e-07,-7.38e-07,-1.95e-07,-3.24e-07,-5.2e-07,-8.06e-08,-1.19e-07,-1.52e-08,-5.06e-07,-3.9e-07,-4.7e-07,-3.42e-07,-1.57e-07,-5.1e-07,-5.51e-09,-1.09e-07,-3.44e-07,-1.17e-07,-7.15e-08,-1.46e-07,-3.43e-07,-3.6e-07,-4.55e-07
"220","FN_046","Drug","T2_Post_drug","NBack_2",2.18e-07,4.17e-07,3.24e-07,7.47e-07,5.5e-08,8.05e-07,3.05e-07,1.02e-07,2.18e-07,3.08e-08,5.05e-07,4.87e-07,1.19e-06,2.94e-07,1.39e-07,4.73e-07,5.61e-07,5.68e-07,6.99e-07,5.4e-07,3.25e-07,1.98e-07,3.26e-07,7.26e-07,5.95e-07
"221","FN_047","Drug","T2_Post_drug","NBack_2",-6.93e-09,2.13e-07,4.06e-08,1.29e-07,1.91e-07,2.78e-07,1.52e-07,2.31e-07,-5.36e-08,2.41e-07,3.96e-07,-1.39e-07,6.06e-07,1.67e-07,5.34e-08,5.14e-07,2.63e-07,2.19e-07,6.08e-07,4.34e-08,1.94e-07,1.57e-07,3.14e-08,4.43e-07,2.11e-07
"222","FN_048","Drug","T2_Post_drug","NBack_2",4.02e-08,5.84e-09,-2.29e-08,-3.42e-08,-1.08e-07,5.87e-08,-1.29e-07,1.79e-08,-4.64e-08,-4.11e-09,3.9e-08,1.5e-07,2.79e-08,-1.25e-07,1.02e-07,1.52e-07,-2.29e-08,-7.87e-08,-8.76e-08,-5.55e-08,-1.02e-09,-1.09e-08,-3.75e-08,9.2e-09,1.01e-08
"223","FN_049","Drug","T2_Post_drug","NBack_2",2.12e-07,1.91e-07,1.91e-07,4.04e-07,1.45e-07,4.09e-07,1.79e-07,1.6e-07,3.06e-07,4.57e-07,1.85e-07,2e-07,4.35e-07,2.74e-07,2.25e-07,1.99e-07,3.7e-07,3e-07,2.6e-07,5.56e-08,3.38e-07,1.77e-07,2.4e-07,2.38e-07,2.97e-07
"224","FN_050","Drug","T2_Post_drug","NBack_2",-2.09e-07,-3.9e-07,3.14e-08,-3.23e-07,-3.8e-07,-8.52e-08,-1.43e-07,-1.59e-07,-2.87e-07,-3.56e-08,-1.42e-07,-1.14e-07,-8.67e-08,-1.31e-07,-1.77e-07,-2.38e-07,-1.19e-07,-8.1e-08,-2.58e-07,-8.11e-08,-1.03e-07,-2.85e-07,-1.69e-07,-1.66e-07,-1.29e-07
"225","FN_051","Drug","T2_Post_drug","NBack_2",5.83e-07,5.57e-07,2.97e-07,5.32e-07,1.84e-07,7.87e-07,2.06e-07,1.2e-07,3.81e-07,2.61e-07,7.38e-07,6.07e-07,7.8e-07,2.99e-07,1.62e-07,8.4e-07,3.32e-07,2.16e-07,9.02e-07,2.33e-07,2.43e-07,3.61e-07,3.73e-07,6.89e-07,5.89e-07
"226","FN_052","Drug","T2_Post_drug","NBack_2",2.44e-07,2.73e-08,1.06e-07,3.74e-07,4.81e-08,1.8e-07,-4.32e-08,2.05e-08,1.06e-08,1.33e-08,2.96e-07,1.44e-07,-1.27e-07,-1.12e-07,5.82e-09,2.45e-07,2.52e-07,4.25e-07,4.29e-07,1.37e-07,1.74e-07,8.49e-08,-2.06e-10,1.71e-07,2.39e-07
"227","FN_053","Drug","T2_Post_drug","NBack_2",4.79e-07,1.66e-07,4.76e-07,2.29e-07,2.94e-07,2.16e-07,3.94e-07,2.39e-07,6.52e-07,1.47e-07,3.6e-07,6.69e-07,4.69e-07,3.32e-07,1.78e-07,3.46e-07,2.03e-07,4.5e-07,2.14e-07,2.75e-07,2.45e-07,2.95e-07,5.12e-07,3.26e-07,3.2e-07
"228","FN_054","Drug","T2_Post_drug","NBack_2",1.77e-07,-3.48e-07,1.88e-07,-4.11e-07,-3.95e-07,-3.54e-07,-3.58e-07,-3.46e-07,NA,NA,-4.91e-07,-5.17e-07,-8.05e-07,-7.67e-07,-6.87e-07,-1.28e-06,-3.97e-07,-3.89e-07,-3.58e-07,-2.27e-07,-4.91e-07,-2.28e-07,-5.47e-07,-6.66e-07,-2.67e-07
"229","FN_055","Drug","T2_Post_drug","NBack_2",-1.71e-07,-1.51e-08,-9.63e-08,2.41e-07,-2.38e-07,-1.04e-07,-3.09e-07,-4.06e-08,1.5e-09,-1.07e-07,-5.7e-08,-1.83e-07,-4.15e-07,-1.96e-07,-3.44e-07,-2.83e-08,-3.64e-07,-4.73e-07,2.12e-07,NA,-3.22e-07,-1.16e-07,-1.72e-07,-7.7e-08,-4.04e-09
"230","FN_056","Drug","T2_Post_drug","NBack_2",1.72e-07,-1.36e-08,6.02e-08,4.06e-07,2.13e-07,1.97e-08,8.25e-08,-2.73e-08,2.39e-07,8.95e-08,1.3e-07,1.24e-07,-1.09e-07,1.1e-07,3.56e-09,4.93e-08,-2.79e-07,8.83e-08,5.05e-07,1.19e-07,-2.44e-08,8.61e-08,1.39e-07,1.41e-07,1.54e-07
"231","FN_057","Drug","T2_Post_drug","NBack_2",-2.44e-08,-5.94e-08,-7.52e-09,3.45e-08,-8.51e-08,3.29e-08,-7.93e-08,-5.12e-08,-1.09e-07,-1.26e-07,2.21e-07,-1.52e-07,-2.54e-07,-4.58e-07,-1.15e-07,-3.34e-08,-3.94e-08,-1.59e-07,-1e-07,-2.62e-08,-1.1e-07,-5.5e-08,-2e-07,-1.04e-07,7.03e-08
"232","FN_059","Drug","T2_Post_drug","NBack_2",7.36e-08,9.29e-08,2.51e-08,-8.65e-08,1.13e-08,1.05e-07,3.04e-08,-2.56e-08,8.04e-08,-1.98e-08,-2.34e-07,-7.67e-08,-4.31e-07,-8.4e-08,1.8e-08,8.02e-09,-5.13e-08,-8.82e-08,-1.61e-07,-1.96e-07,-3.53e-08,3.8e-08,-1.25e-08,-1.95e-07,-4.75e-08
"233","FN_060","Drug","T2_Post_drug","NBack_2",7.01e-08,-2.45e-07,-1.85e-08,-5.9e-07,-2.67e-07,-2.07e-07,1.96e-08,-7.62e-08,-8.85e-09,-2.98e-07,-4.69e-07,1.79e-07,-5.88e-07,-4.85e-07,-6.2e-07,-4.9e-07,-2.27e-07,-5.28e-08,-8.72e-08,5.27e-08,-2.99e-07,-1.3e-07,-7.38e-08,-2.78e-07,-3.21e-07
"234","FN_061","Drug","T2_Post_drug","NBack_2",1.03e-07,1.74e-08,1.99e-07,3.12e-07,1.33e-08,8.18e-08,-5.52e-09,-1.78e-08,1.54e-08,9.35e-08,3.67e-07,-5.87e-09,3.7e-07,-1.19e-08,-6.52e-08,6.62e-08,1.49e-07,1.02e-07,2.75e-07,3.32e-07,6.98e-08,2.9e-08,-1.97e-09,2.61e-07,2.4e-07
"235","FN_062","Drug","T2_Post_drug","NBack_2",6.12e-10,-2.26e-07,-1.33e-07,-9.21e-08,-1.75e-07,-4.48e-07,-1.76e-07,-2.12e-07,-1.26e-07,-2.96e-07,-3.37e-07,-3.34e-07,-3.36e-07,-3.18e-07,-2.35e-07,-3.66e-07,-2.25e-07,-9.95e-08,-3.72e-07,-1.6e-07,-2.14e-07,-1.53e-07,-2.38e-07,-3.08e-07,-2.53e-07
"236","FN_063","Drug","T2_Post_drug","NBack_2",-1.87e-07,-2.25e-07,4.53e-08,-1.28e-06,-3.91e-07,-5.72e-07,-6.46e-07,-3.6e-07,-5.42e-07,-4.64e-07,-8.08e-07,-2.02e-07,-5.34e-07,-2.99e-07,-1.58e-07,-3.65e-07,-3.97e-09,-1.29e-07,-6.37e-07,7.92e-08,-1.89e-07,-2.91e-07,-4.22e-07,-3.64e-07,-6.53e-07
"237","FN_064","Drug","T2_Post_drug","NBack_2",1.13e-07,-2.11e-08,1.31e-07,-1.26e-07,-9.24e-08,-9.13e-08,-7.83e-08,-4.85e-08,-1.68e-08,-4.02e-08,-7.09e-08,-4.59e-08,-8.71e-08,-1.28e-07,-1.21e-07,-2.43e-07,-7.46e-08,-4.19e-08,-3.06e-07,3.03e-08,-6.95e-08,-1.24e-08,-6.74e-08,-1.52e-07,-3.92e-08
"238","FN_065","Drug","T2_Post_drug","NBack_2",-2.22e-07,2.29e-08,-3.64e-07,-5.71e-07,-1.52e-07,-2.49e-07,-2.76e-07,-5.68e-08,-1.75e-07,-6.29e-08,-7e-08,-3.18e-07,-3.63e-07,-4.94e-07,-3.93e-07,-2.85e-07,-1.43e-08,-9.4e-08,-4.12e-07,-2.15e-07,-1.41e-07,-1.02e-07,-3.16e-07,-3.19e-07,-3.14e-07
"239","FN_066","Drug","T2_Post_drug","NBack_2",-5.14e-08,-7.34e-08,1.63e-08,-9.63e-08,-1.22e-07,-3.4e-10,-2.17e-07,-2.74e-07,-1.44e-07,-9.14e-08,-1.38e-07,-2.65e-07,-2.11e-07,-2.24e-07,-1.06e-07,2.93e-08,-1.63e-07,-2.5e-08,-7.64e-08,-9.21e-08,-9.65e-08,-1.3e-07,-2.13e-07,-8.76e-08,-5.46e-08
"240","FN_067","Drug","T2_Post_drug","NBack_2",-3.25e-07,-3.42e-07,8.07e-08,4.42e-07,-2.28e-07,-2.7e-07,-2.6e-07,-3e-07,-3.22e-07,-5.99e-07,-3.73e-07,3.6e-07,1.24e-06,-1.44e-07,-2.43e-07,3.98e-07,-4.19e-07,9.21e-08,3.47e-07,-3.32e-07,-2.92e-07,-2.99e-07,-9.16e-08,4.13e-07,-3.01e-08
"241","FN_068","Drug","T2_Post_drug","NBack_2",4.1e-07,3.63e-09,4.47e-07,7.01e-07,-1.18e-07,6.49e-07,7.33e-08,-1.67e-07,-2.46e-07,-5.4e-08,4.54e-07,7.73e-08,2.15e-07,-1.36e-07,-2.52e-08,2.73e-07,1.69e-07,3.44e-07,6.89e-07,3.17e-07,1.08e-07,3.22e-08,-5.77e-08,3.73e-07,5.63e-07
"242","FN_070","Drug","T2_Post_drug","NBack_2",-7.56e-08,-9.72e-08,1.25e-07,4.69e-07,-6.38e-08,1.76e-07,6.72e-08,-5.89e-08,-1.8e-07,-5.19e-08,4.15e-08,-1.9e-07,6.81e-08,-1.98e-07,-7.05e-08,7.3e-08,-2.26e-07,-1.64e-08,7.9e-08,5.89e-08,-9.11e-08,-7.39e-08,-1.25e-07,6.98e-08,2.03e-07
"243","FN_071","Drug","T2_Post_drug","NBack_2",2.06e-08,-1.48e-07,1.94e-08,-3.83e-07,-8.32e-08,-1.7e-08,-1.41e-07,-1.97e-07,-2.09e-07,-1.58e-08,-3.01e-07,-1.58e-07,-3.11e-07,-3.35e-07,-1.3e-07,-8.22e-08,-5.06e-08,-1.22e-07,-3.16e-07,4.59e-07,-7.95e-08,-1.02e-07,-2.11e-07,-6.24e-08,-1.71e-07
"244","FN_072","Drug","T2_Post_drug","NBack_2",6.43e-08,1.15e-07,4.89e-07,2.35e-07,-2.06e-07,-6.2e-07,-8.1e-07,1.08e-07,-1.59e-07,1.03e-07,-7.65e-07,-1.49e-07,-1.04e-07,-4.6e-07,8.64e-08,-5.83e-08,1.36e-07,-6.44e-10,9.21e-07,1.88e-07,8.11e-08,2.04e-08,-3.94e-07,2.37e-07,-1.65e-07
"245","FN_073","Drug","T2_Post_drug","NBack_2",-1.22e-07,-1.34e-07,-7.48e-08,4.57e-08,-9.27e-08,-3.73e-07,-1.57e-07,-1.03e-07,-2.28e-07,-3.02e-07,-2.15e-07,-1.25e-07,-1.09e-07,-2.76e-07,-8.02e-08,-3.36e-07,5.78e-08,-1.15e-08,-1.63e-07,-2.57e-08,-8.39e-08,-1.13e-07,-1.96e-07,-1.58e-07,-1.54e-07
"246","FN_075","Drug","T2_Post_drug","NBack_2",-2.33e-07,-9.72e-08,-1.3e-07,-4.39e-07,-1.83e-07,-5.63e-07,-3.67e-07,-1.19e-07,-1.97e-07,-1.35e-07,-3.39e-07,-3.29e-07,-3.63e-07,-3.03e-07,-1.66e-07,-5.48e-07,-1.64e-07,-1.35e-07,-1.24e-07,-1.75e-07,-1.5e-07,-1.58e-07,-2.99e-07,-3.03e-07,-3.68e-07
"247","FN_076","Drug","T2_Post_drug","NBack_2",-1.71e-08,-1.09e-07,-3.91e-08,-2.28e-07,-3.04e-07,-8.64e-07,-5.93e-07,-1.98e-07,-4.65e-07,-2.14e-07,-1.83e-07,-3.24e-07,-4.51e-07,-1.3e-07,-1.5e-07,-4.04e-07,-1.55e-07,-3.27e-08,-1.92e-07,-1.13e-07,-1.38e-07,-1.57e-07,-3.78e-07,-2.9e-07,-3.28e-07
"248","FN_077","Drug","T2_Post_drug","NBack_2",-2.59e-07,1.79e-07,-6.1e-08,2.05e-07,-2.29e-08,1.32e-07,1.15e-07,7.73e-08,1.22e-07,1.95e-07,3.04e-07,1.75e-07,2e-07,3.26e-07,3.62e-07,-1.12e-07,2.44e-07,-1.23e-08,1.04e-07,6.32e-08,1.97e-07,-6.35e-09,1.84e-07,6.37e-08,1.45e-07
"249","FN_079","Drug","T2_Post_drug","NBack_2",2.99e-07,1.88e-07,2.15e-07,4.79e-07,4.43e-09,2.24e-08,-2.26e-07,2.1e-07,-3.25e-08,1.66e-07,-1.19e-07,1.36e-08,-1.49e-08,-1.44e-07,9.27e-08,2.21e-07,1.73e-07,2.25e-07,6.15e-07,9.79e-08,1.64e-07,1.76e-07,-9.74e-08,2.3e-07,1.49e-07
"250","FN_080","Drug","T2_Post_drug","NBack_2",-1.49e-07,-1.47e-07,-6.85e-08,-8.44e-09,-3.64e-07,-3.58e-07,-4.23e-07,-2.4e-07,-3.75e-07,3.91e-08,-3.26e-07,-3e-07,-1.76e-07,-2.92e-07,-2.49e-07,-3.2e-07,-1.28e-07,-2.59e-07,-5.16e-08,-6.4e-08,-1.49e-07,-2.25e-07,-3.48e-07,-1.53e-07,-1.9e-07
"251","FN_081","Drug","T2_Post_drug","NBack_2",-9.78e-08,-4.33e-07,-2.94e-07,-7.06e-07,-2.56e-07,-7.62e-07,-3.93e-08,-4.8e-07,-2.56e-07,-2.86e-07,-5.92e-07,-6.34e-09,2.27e-07,-1.98e-07,-3e-07,-3.67e-07,-4.62e-07,-2.72e-07,-6.56e-07,-2.48e-07,-3.3e-07,-3.17e-07,-1.25e-07,-2.61e-07,-5.88e-07
"252","FN_082","Drug","T2_Post_drug","NBack_2",-1.45e-07,-1.51e-07,-5.28e-08,3.73e-08,-1.39e-07,-1.03e-07,-4.79e-08,-1.26e-07,-1.29e-07,-9.16e-08,-1.81e-07,-1.42e-07,-2.5e-07,-1.29e-07,-2.84e-08,-3.82e-08,-1.35e-07,-8.74e-10,6.25e-08,9.53e-09,-6.39e-08,-1.4e-07,-1.12e-07,-5.39e-08,-7.49e-08
"253","FN_083","Drug","T2_Post_drug","NBack_2",1.04e-08,7.14e-08,2.58e-07,4.7e-07,-1.85e-07,1.72e-08,-5.3e-07,-3.33e-07,-6.06e-08,-7.54e-08,1.93e-07,7.46e-08,-1.3e-07,-6.22e-07,1.54e-07,-1.97e-08,1.11e-07,1.29e-07,1.32e-07,9.7e-08,7.98e-08,-1.09e-07,-2.85e-07,1.99e-08,2.35e-07
"254","FN_084","Drug","T2_Post_drug","NBack_2",-9.7e-08,2.85e-07,-4.35e-08,1.28e-07,3.95e-07,8.46e-09,5.24e-07,3.55e-07,7.35e-07,4.14e-07,6.01e-08,5.05e-08,7.68e-08,4.33e-07,2.89e-07,4.08e-07,5.29e-07,6.76e-08,3.28e-07,6.31e-08,3.25e-07,2.35e-07,4.36e-07,2.19e-07,3.83e-08
"255","FN_085","Drug","T2_Post_drug","NBack_2",7.44e-08,-1.63e-07,-1.62e-07,1.59e-08,-3.01e-07,-3.08e-07,-3.88e-07,-2.4e-07,-2.97e-07,1.44e-09,-5.39e-07,-1.87e-07,-2.68e-07,-1.73e-07,-6.19e-08,-1.53e-07,7.72e-08,1.82e-08,3.26e-08,7.63e-08,8.74e-09,-1.58e-07,-2.61e-07,-7.8e-08,-2.48e-07
"256","FN_087","Drug","T2_Post_drug","NBack_2",5.59e-08,2.28e-09,-6.22e-08,-2.8e-07,-2.07e-07,-3.98e-07,-2.93e-07,-1.46e-07,-8.98e-08,-6.11e-08,-2.69e-07,-6.28e-08,-2.96e-07,-7.75e-08,-6.13e-08,-8.38e-08,-8.71e-08,-3.72e-08,-1.26e-07,-3.06e-08,-6.17e-08,-7.35e-08,-1.31e-07,-1.34e-07,-2.52e-07
"257","FN_089","Drug","T2_Post_drug","NBack_2",1.88e-07,-4.21e-07,2.83e-07,8.3e-07,1.74e-07,8.18e-07,6.26e-09,2.5e-07,5.03e-07,3.93e-07,5e-07,2.76e-07,3.76e-07,3.4e-07,9.45e-08,1.93e-07,2.42e-07,1.48e-07,6.95e-07,1.4e-08,2.19e-07,4.75e-08,2.81e-07,3.19e-07,6.08e-07
"258","FN_090","Drug","T2_Post_drug","NBack_2",5.9e-07,2.98e-07,5.39e-07,5.53e-07,1.84e-07,5.46e-07,1.32e-07,4.28e-07,4.36e-07,-3.7e-08,2.45e-07,5.02e-07,6.06e-07,2.74e-07,7.48e-08,5.3e-07,1.06e-07,1.61e-07,8.69e-08,7.12e-08,7.63e-08,3.75e-07,3.36e-07,3.23e-07,4.71e-07
"259","FN_092","Drug","T2_Post_drug","NBack_2",-1.23e-07,-9.07e-08,-4.37e-08,1.13e-07,-3.17e-07,-9.22e-08,-6.19e-07,2.99e-10,-3.63e-07,1.01e-07,-1.1e-07,-3.56e-07,2.25e-07,-3.44e-07,-1.36e-07,1.77e-07,-1.25e-07,-2.24e-07,3.33e-07,1.91e-07,-9.58e-08,-1.33e-07,-4.21e-07,2.31e-07,-3.32e-08
"260","FN_093","Drug","T2_Post_drug","NBack_2",6.28e-07,2.86e-07,2.32e-07,1.03e-07,-2.12e-09,-2.55e-09,3.62e-07,1.79e-07,-8.5e-09,1.47e-07,6.54e-07,-1.68e-07,2.56e-07,-3.2e-07,2.32e-07,-8.62e-10,-1.1e-08,2.06e-07,4.64e-07,2.63e-07,1.43e-07,2.73e-07,-3.35e-08,2.46e-07,2.47e-07
"261","FN_094","Drug","T2_Post_drug","NBack_2",1.25e-07,6.41e-08,5.83e-08,-2.21e-08,2.54e-08,-2.17e-07,-8.63e-07,-4.26e-07,-1.44e-06,-2.3e-07,-1.48e-06,-6.68e-07,-6.49e-07,-7.26e-07,1.03e-07,-4.03e-07,-1.46e-07,1.13e-08,-2.94e-08,1.39e-08,-6.54e-08,-5.28e-08,-9.24e-07,-2.67e-07,-4.16e-07
"262","FN_097","Drug","T2_Post_drug","NBack_2",5.34e-07,4.24e-07,1.51e-07,1.54e-07,7.63e-07,5.16e-07,7.06e-07,3.55e-07,8.35e-07,1.24e-07,6.77e-07,1.23e-06,8.03e-07,6.31e-07,2.41e-07,1.46e-07,2.11e-08,1.25e-08,3.46e-07,-9.87e-09,9.97e-08,5.19e-07,8.5e-07,3.21e-07,3.74e-07
"263","FN_039","Drug","T3_Post_drug","NBack_2",3.19e-07,3.28e-07,1.49e-08,-4.82e-08,1.93e-07,1.91e-07,3.13e-07,4.88e-07,1.49e-07,2.95e-07,9.73e-08,-3.17e-07,2.02e-07,8.55e-08,1.18e-07,4.49e-08,4.44e-07,1.3e-07,1.19e-07,1.97e-07,2.47e-07,3.32e-07,5.76e-08,1.41e-07,6.37e-08
"264","FN_040","Drug","T3_Post_drug","NBack_2",1.69e-07,7.27e-08,-9.36e-09,1.41e-07,-2.73e-08,2.31e-07,-6.36e-07,-2.63e-07,-3.88e-07,-3.52e-07,-3.01e-07,-3.67e-07,6.12e-09,-3.45e-07,-8.63e-08,-2.21e-07,-1.54e-07,2.54e-08,-1.99e-07,-5.98e-08,-1.42e-07,-1.22e-08,-4.34e-07,-1.18e-07,1.55e-08
"265","FN_042","Drug","T3_Post_drug","NBack_2",1.91e-07,3.64e-07,4.98e-07,1.24e-06,3.53e-07,8.32e-07,4.94e-07,3.7e-07,1.41e-07,3.83e-07,1.06e-06,7.32e-07,3.86e-07,6.56e-07,4.86e-07,7.27e-07,6.86e-07,3.29e-07,3.1e-07,6.26e-07,4.71e-07,3.19e-07,5.06e-07,5.12e-07,9.07e-07
"266","FN_043","Drug","T3_Post_drug","NBack_2",9.79e-08,-2.71e-08,2.61e-07,2.99e-07,7.09e-09,2.69e-07,1.17e-07,-1.28e-07,-1.5e-09,-2e-07,3e-07,1.09e-07,2.48e-07,5.07e-08,1.39e-07,3.31e-07,-4.39e-08,3.87e-07,2.14e-07,1.23e-07,7.05e-08,-1.26e-08,6.88e-08,2.29e-07,2.82e-07
"267","FN_045","Drug","T3_Post_drug","NBack_2",4.62e-07,-2.23e-08,7.84e-08,2.72e-07,6.89e-08,5.6e-07,3.27e-08,-3.59e-07,-4.04e-07,-2.96e-07,2.26e-07,1.4e-07,5.19e-07,-9.96e-08,-2.23e-07,1.4e-07,-2.22e-07,2.23e-07,3.06e-07,2.92e-07,-1.29e-07,3.73e-08,-8.27e-08,3.14e-07,2.84e-07
"268","FN_046","Drug","T3_Post_drug","NBack_2",2.2e-08,-2.92e-07,8.98e-08,-1.21e-07,-3.08e-07,-3.15e-08,-7.58e-09,-2.27e-07,-1.33e-07,-7.98e-08,-2.16e-07,-1.26e-07,-3.29e-07,1.16e-07,-2.31e-09,1.33e-07,-1.33e-07,2.82e-07,2.37e-07,1.85e-07,1.67e-08,-2.01e-07,-3.77e-08,5.66e-08,-6.98e-08
"269","FN_047","Drug","T3_Post_drug","NBack_2",-6.86e-08,2.45e-10,1.85e-08,-8.42e-08,2.53e-09,5.42e-08,6.43e-08,8.02e-08,-3.2e-08,5.24e-08,-1.55e-07,-1.36e-07,-3.59e-07,-6.6e-08,1.56e-08,2.46e-07,1.31e-07,2.97e-07,6.13e-08,7.22e-08,1.24e-07,3.58e-09,-4.23e-08,5.01e-09,-4.16e-08
"270","FN_048","Drug","T3_Post_drug","NBack_2",4.69e-07,1.09e-07,2.19e-07,1.33e-07,2.61e-07,3.01e-07,3.33e-07,7.94e-08,2e-07,1.73e-07,7.71e-08,3.74e-07,3.32e-07,3.87e-07,2.62e-07,6.31e-07,2.31e-07,1.6e-07,2.4e-08,1.63e-08,2.06e-07,2.29e-07,3.24e-07,2.51e-07,1.83e-07
"271","FN_049","Drug","T3_Post_drug","NBack_2",3.05e-07,-4.57e-08,1.05e-07,4.56e-07,8.36e-08,3.61e-08,8.92e-08,5.32e-09,1.11e-07,2.06e-07,5.07e-09,1.08e-07,2.28e-07,4.57e-08,1.65e-07,1.15e-07,1.97e-07,-3.05e-08,3.84e-07,1.69e-07,1.35e-07,8.71e-08,8.87e-08,2.24e-07,1.51e-07
"272","FN_050","Drug","T3_Post_drug","NBack_2",-2.4e-07,-3.81e-07,5.72e-08,-7.59e-08,-4.62e-07,1.06e-07,-4.23e-07,-4.19e-07,-5.64e-07,-5.27e-07,-4.92e-08,-2.86e-07,-1.22e-07,-4.12e-07,-3.83e-07,2.2e-07,-4.3e-07,-3.35e-07,-3.42e-07,-8.11e-08,-4.19e-07,-3.76e-07,-4.21e-07,-8.13e-08,9.41e-09
"273","FN_051","Drug","T3_Post_drug","NBack_2",4.19e-08,-2.62e-07,1.11e-07,3.84e-07,-6.71e-08,3.85e-07,1.2e-08,-1.4e-07,-3.35e-08,-3.36e-07,-5.68e-08,5.62e-08,-8.18e-09,-6.46e-08,-1.3e-07,2.39e-07,-1.52e-07,2e-07,1.63e-07,7.21e-08,-1.05e-07,-1.07e-07,-7.49e-09,1.16e-07,2.06e-07
"274","FN_052","Drug","T3_Post_drug","NBack_2",2.44e-07,2.73e-08,1.06e-07,3.74e-07,4.81e-08,1.8e-07,-4.32e-08,2.05e-08,1.06e-08,1.33e-08,2.96e-07,1.44e-07,-1.27e-07,-1.12e-07,5.82e-09,2.45e-07,2.52e-07,4.25e-07,4.29e-07,1.37e-07,1.74e-07,8.49e-08,-2.04e-10,1.71e-07,2.39e-07
"275","FN_053","Drug","T3_Post_drug","NBack_2",2.85e-07,-2.88e-08,9.3e-08,2.7e-08,1.55e-07,-5.03e-08,-1.76e-07,4.72e-08,1.79e-09,8.01e-08,1.51e-07,-5.18e-08,6.05e-09,-9.68e-08,7.38e-08,1.49e-08,1.17e-07,-3.6e-08,-3.36e-08,2.09e-08,5.88e-08,1.14e-07,-8.07e-08,2.04e-09,5.51e-08
"276","FN_054","Drug","T3_Post_drug","NBack_2",1.11e-07,-1.26e-07,3.22e-07,3.51e-07,-3.25e-07,1.06e-07,-5.12e-07,-5.37e-07,-1.22e-06,-4e-07,2.4e-07,-1.45e-07,-9.7e-08,-6.5e-07,-3.2e-07,7.03e-08,-3.28e-07,-6.78e-08,4.28e-07,9.72e-08,-2.79e-07,-2.19e-07,-6.32e-07,1.25e-07,2.55e-07
"277","FN_055","Drug","T3_Post_drug","NBack_2",-2.12e-07,-2.15e-07,1.3e-09,-2.2e-07,-1.63e-07,-6.66e-08,-2.52e-07,-1.74e-07,-1.32e-07,-8.82e-08,-2.71e-07,6.87e-08,-3.3e-07,-6.09e-09,-1.23e-07,-3.8e-08,-4.39e-08,1.43e-07,-1.98e-08,1.32e-07,-2.8e-08,-1.91e-07,-8.04e-08,-6.42e-08,-1.39e-07
"278","FN_056","Drug","T3_Post_drug","NBack_2",-2.69e-07,-5.84e-07,-3.9e-07,-1.23e-06,-5.83e-07,-1.32e-06,-8.96e-07,-5.39e-07,-4.22e-07,-5.42e-07,-1.2e-06,-1.21e-06,-6.5e-07,-5.73e-07,-3.57e-07,-8.67e-07,-5.91e-07,-3.96e-07,-7.29e-07,-2.91e-07,-4.72e-07,-4.94e-07,-7.75e-07,-6.34e-07,-1.04e-06
"279","FN_057","Drug","T3_Post_drug","NBack_2",2.83e-07,2.04e-07,8.51e-08,4.86e-07,3.19e-07,2.55e-07,5.77e-08,1.54e-07,1.55e-07,2.16e-07,1.18e-07,1.95e-07,4.46e-07,5.75e-07,3.37e-07,6.3e-07,3.99e-07,4.48e-07,-1.01e-07,9.4e-09,3.5e-07,2.4e-07,2.46e-07,2.46e-07,2.36e-07
"280","FN_059","Drug","T3_Post_drug","NBack_2",5.01e-08,2.06e-08,1.72e-08,-1.54e-07,3.09e-08,-1.16e-07,1.08e-07,-3.83e-08,1.93e-07,1.15e-07,1.81e-07,2.68e-08,-4.65e-08,2.99e-08,4.88e-08,-1.35e-07,2.56e-07,2.38e-07,-1.24e-07,6.04e-08,1.65e-07,1.58e-08,8.93e-08,-6.13e-08,-1.79e-08
"281","FN_060","Drug","T3_Post_drug","NBack_2",5.49e-07,3.38e-07,6.63e-07,-2.02e-07,-2.43e-07,-2.91e-07,-5.14e-07,5.45e-08,-9.77e-08,-3.25e-07,5.9e-07,-7.08e-08,-6e-07,-5.79e-07,-8.22e-08,-8e-08,-1.16e-08,3.88e-07,-3.13e-07,2.16e-07,-7.7e-09,1.75e-07,-3.16e-07,-1.94e-07,1.9e-07
"282","FN_061","Drug","T3_Post_drug","NBack_2",3.57e-07,1.16e-07,3.33e-07,7.61e-07,1.53e-07,6.62e-07,1.36e-07,2.09e-08,5.76e-08,-4e-08,2.39e-07,3.34e-07,5.72e-07,3.32e-07,8.58e-08,1.2e-07,9.77e-08,1.32e-07,7.29e-07,3.76e-07,6.88e-08,1.62e-07,2.15e-07,4.49e-07,4.99e-07
"283","FN_062","Drug","T3_Post_drug","NBack_2",-2.11e-07,-1.46e-07,-7.96e-09,5.14e-08,-8.69e-08,-1.24e-07,-8.84e-08,-1.77e-07,-1.32e-07,-1.81e-07,5.58e-08,-2.99e-08,-4.98e-08,-8.96e-08,-5.59e-08,-6.11e-08,-8.25e-08,-9.97e-08,-1.78e-08,3e-08,-1.05e-07,-1.55e-07,-8.49e-08,-2.47e-08,-6.27e-09
"284","FN_063","Drug","T3_Post_drug","NBack_2",8.13e-08,-1.99e-07,-6.15e-08,2.88e-07,-2.33e-07,5.47e-07,-2.4e-07,-1.84e-07,-2.69e-07,-3.22e-07,-1.39e-07,3.76e-07,2.89e-07,4.16e-08,-1.04e-07,-1.36e-07,7.53e-09,1.1e-07,-1.87e-07,-6.98e-08,-7.71e-08,-1.34e-07,-2.29e-08,-2.58e-08,1.59e-07
"285","FN_065","Drug","T3_Post_drug","NBack_2",-6.75e-09,9.76e-08,5.75e-08,-5.34e-08,4.54e-10,-2.19e-07,-9.1e-08,7.5e-08,1.59e-08,1.77e-08,2.27e-07,9.34e-08,3.5e-08,1.79e-07,-4.23e-08,1.29e-07,5e-08,-1.4e-08,5.88e-08,2.29e-09,2.87e-09,4.16e-08,4.94e-08,5.62e-08,2.88e-09
"286","FN_066","Drug","T3_Post_drug","NBack_2",-7.69e-08,-1.56e-07,-6.97e-08,4.49e-08,-1.17e-07,-4.67e-08,-1.69e-07,-1.42e-07,-1.1e-07,-7.72e-08,-3.82e-08,-1.43e-07,5.01e-08,-1.68e-07,-7.25e-08,6.24e-08,-7.98e-08,-1.01e-07,4.24e-08,-1.38e-07,-8.27e-08,-1.23e-07,-1.48e-07,4.34e-09,-2.74e-08
"287","FN_067","Drug","T3_Post_drug","NBack_2",-5.08e-07,-1.48e-07,-5.07e-07,-5.06e-07,-4.4e-07,-6.55e-07,-5.02e-07,-9.12e-08,-2.33e-07,6.87e-07,-5.09e-07,-1.37e-07,-5.26e-07,-5.55e-07,-2.07e-07,-6.61e-07,2.11e-07,-7.15e-07,-7.03e-07,-7.51e-07,-5.88e-09,-2.97e-07,-3.57e-07,-6.6e-07,-5.44e-07
"288","FN_068","Drug","T3_Post_drug","NBack_2",6.28e-07,-2.32e-07,5.15e-07,5.51e-07,-1.49e-07,5.13e-07,-8.74e-09,-4.92e-07,-3.28e-07,-4.41e-07,2.15e-07,-8.51e-08,1.54e-08,3.1e-08,9.33e-09,6.83e-08,9.97e-08,5.3e-07,3.3e-07,3.88e-07,4.95e-08,-6.13e-08,-9.78e-08,2e-07,4.49e-07
"289","FN_070","Drug","T3_Post_drug","NBack_2",-1.25e-08,-1.51e-07,-6.33e-08,-5.08e-08,-1.14e-07,9.08e-08,-5.76e-07,-3.24e-07,-5.52e-07,-3.3e-07,-4.67e-07,-4.06e-07,-5.34e-07,-3.38e-07,-1.74e-07,-1.92e-07,-1.39e-07,-1.26e-07,-9.06e-08,-2.4e-08,-1.92e-07,-1.5e-07,-4.68e-07,-2.1e-07,-1.22e-07
"290","FN_072","Drug","T3_Post_drug","NBack_2",-2.62e-07,-5.07e-07,2.07e-07,2.29e-07,-7.19e-07,-7.15e-07,-1.42e-06,-6.97e-07,-1.01e-06,-8.52e-07,-1.07e-06,-5.03e-07,-5.96e-07,-6.29e-07,-7.43e-07,-5.45e-08,-3.53e-07,-8.98e-07,-1.47e-06,3.87e-07,-7.12e-07,-5.46e-07,-8.93e-07,-4.32e-07,-3.37e-07
"291","FN_073","Drug","T3_Post_drug","NBack_2",-1.21e-09,-8.5e-08,6.89e-08,5.72e-08,-6.22e-08,-6.17e-08,-3.08e-08,-1.42e-07,-8.56e-08,-1.24e-07,-3.5e-08,-2.69e-07,5.33e-08,-7.31e-08,-1.14e-07,-8.68e-08,-4.75e-08,-4.53e-08,5.31e-08,-4.68e-09,-8.27e-08,-7.25e-08,-1.15e-07,3.76e-09,7.35e-09
"292","FN_075","Drug","T3_Post_drug","NBack_2",1.57e-07,-5.26e-08,1.62e-07,4.23e-08,2.42e-08,3.14e-08,3.17e-08,-1.48e-07,2.74e-08,-1.13e-07,-7.7e-08,3.63e-08,-7.57e-08,9.74e-08,-2.41e-08,-5.32e-08,-1.2e-07,1.99e-07,2.17e-07,1.26e-08,-1.44e-08,-4.81e-09,4.82e-08,2.52e-08,3.98e-08
"293","FN_076","Drug","T3_Post_drug","NBack_2",-2.89e-07,-3.48e-07,2.38e-08,-7.93e-07,-6.5e-07,-1.13e-06,-9.66e-07,-4.83e-07,-7.54e-07,-4.64e-07,-7.97e-07,-4.24e-07,-1.24e-06,-8.1e-07,-3.21e-07,-1.14e-06,-1.4e-07,-1.93e-07,-8.58e-07,-2.92e-07,-2.8e-07,-4.43e-07,-7.39e-07,-8.83e-07,-6.75e-07
"294","FN_077","Drug","T3_Post_drug","NBack_2",-5.18e-07,-2.56e-07,1.07e-07,-6.66e-07,-3.45e-07,-9.22e-07,-7.39e-07,-3.8e-07,-5.49e-07,-5.45e-07,-2.22e-06,-1.14e-06,-2.12e-06,-7.44e-07,-4.55e-07,-7.35e-07,-2.81e-07,-5.58e-07,-8.73e-08,-9e-08,-4.6e-07,-3.75e-07,-7.94e-07,-7.58e-07,-9.24e-07
"295","FN_079","Drug","T3_Post_drug","NBack_2",-9.37e-09,-2.26e-07,-6.87e-08,-1.9e-07,-2.99e-07,-3.45e-07,-2.66e-07,-1.13e-07,-1.22e-07,-7.57e-08,2.19e-07,1.71e-08,-2.45e-07,4.56e-08,-1.08e-07,-1.28e-07,-1.77e-07,-5.91e-08,-5.52e-07,7.63e-08,-1.05e-07,-1.62e-07,-8.13e-08,-2.12e-07,-9.64e-08
"296","FN_080","Drug","T3_Post_drug","NBack_2",2.06e-08,5.47e-10,-4.9e-08,-2.17e-07,-2.25e-07,-1.73e-07,-2.09e-07,5.74e-08,-2.31e-07,4.53e-08,-1.05e-07,-1.68e-08,-9.22e-08,-7.11e-08,-5.77e-08,-1.13e-07,-6.54e-08,-4.41e-08,-2.32e-07,-7.17e-08,-3.05e-08,-3.67e-08,-1.32e-07,-1.27e-07,-1.36e-07
"297","FN_081","Drug","T3_Post_drug","NBack_2",2e-07,-9.07e-08,-2.3e-07,-9.77e-07,-3.14e-07,-4.76e-07,-4.72e-07,-3.41e-08,-3.95e-07,5.59e-08,-3.76e-07,-1.01e-07,-1.46e-08,-5.75e-07,-2.11e-07,2.76e-07,1.56e-07,2.54e-07,-5e-07,1.96e-07,6.38e-08,-5.96e-08,-3.86e-07,-1.04e-08,-5.15e-07
"298","FN_082","Drug","T3_Post_drug","NBack_2",-1.65e-07,-3.27e-07,-3.76e-08,-2.92e-07,-1.85e-07,-1.56e-07,-2.6e-07,-2.26e-07,-2.77e-07,-3.17e-07,-4.88e-07,-2.74e-07,-5.19e-07,-2.73e-07,-2.1e-07,-2.29e-07,-2.12e-07,-2e-07,-1.85e-09,1.09e-08,-2.35e-07,-2.26e-07,-2.71e-07,-1.85e-07,-2.43e-07
"299","FN_083","Drug","T3_Post_drug","NBack_2",-5.13e-07,-4.48e-07,-5.39e-07,-1.75e-06,-5.05e-07,-1.54e-06,-7.4e-07,-3.89e-07,-7.99e-07,-5.33e-07,-1.64e-06,-1.21e-06,-2.26e-06,-1.15e-06,-7.06e-07,-1.29e-06,-9.28e-07,-3.74e-07,-6.28e-07,-8.56e-07,-6.35e-07,-4.64e-07,-9.75e-07,-1.26e-06,-1.37e-06
"300","FN_084","Drug","T3_Post_drug","NBack_2",9.49e-07,3.98e-07,4.89e-07,4.25e-09,2.32e-07,6.56e-07,-1.46e-07,2.39e-07,1.9e-08,-4.08e-08,8.58e-07,5.9e-07,1.61e-06,1.65e-07,1.32e-07,1.04e-06,3.63e-07,1.06e-06,6.65e-07,3.45e-07,3.78e-07,4.54e-07,1.57e-07,9.15e-07,5.02e-07
"301","FN_085","Drug","T3_Post_drug","NBack_2",-8.73e-08,-1.01e-07,7.02e-08,-9.86e-08,-2.7e-07,-1.29e-07,-9.04e-08,-6.8e-11,-1.65e-07,2.7e-07,-4.78e-07,-2.81e-08,-6.83e-08,-2.15e-07,-2.34e-07,-2.05e-07,-4.86e-08,-7.52e-08,-3.05e-07,-5.21e-08,-2.2e-08,-1.15e-07,-1.25e-07,-1.58e-07,-1.59e-07
"302","FN_087","Drug","T3_Post_drug","NBack_2",1.07e-07,1.02e-07,-7.58e-08,-5.12e-08,3.41e-08,-7.1e-08,-2.97e-08,-2.75e-09,8.21e-08,1.1e-07,5.51e-08,-1.57e-07,1.32e-08,1.72e-07,-1.53e-07,1.14e-07,1.16e-07,-7.11e-08,7.73e-08,-3.9e-08,7.47e-10,6.02e-08,1.67e-08,4.13e-08,-3.57e-08
"303","FN_089","Drug","T3_Post_drug","NBack_2",9.98e-08,-2.17e-07,5.35e-08,-3.21e-08,-3.61e-07,1.75e-07,-3.34e-07,-3.12e-07,-3.9e-07,-4.15e-07,4.73e-08,2.26e-08,-3.89e-07,-2.32e-07,-2.13e-07,-5.14e-08,-3.67e-08,1.3e-07,4.28e-07,1.63e-07,-1.34e-07,-1.98e-07,-2.33e-07,3.75e-08,6.09e-08
"304","FN_090","Drug","T3_Post_drug","NBack_2",1.09e-07,7.46e-08,7.56e-07,2.35e-06,-3.59e-07,1.15e-06,-5.43e-07,-2.99e-08,-2.28e-07,-6.21e-07,1.7e-06,3.82e-07,1.83e-06,-2.5e-07,-2.93e-07,5.34e-07,-2.22e-07,3.51e-08,6.96e-07,3.09e-07,-2.75e-07,-5.15e-08,-1.6e-07,8.41e-07,1.49e-06
"305","FN_092","Drug","T3_Post_drug","NBack_2",3.26e-07,1.2e-07,5.35e-07,8.05e-07,5.24e-07,8.42e-07,5.37e-07,7.36e-08,4.15e-07,1.88e-07,2.33e-07,6.48e-07,5.99e-07,8.13e-07,3.31e-07,3.58e-07,3.47e-07,7.62e-07,7.28e-07,3.26e-07,4.07e-07,2.61e-07,6.03e-07,5.03e-07,6.04e-07
"306","FN_093","Drug","T3_Post_drug","NBack_2",4.09e-07,1.16e-07,3.71e-07,-2.34e-07,6.21e-07,-3.38e-08,6.17e-07,-7.15e-08,-5.95e-08,7.97e-08,-1.52e-07,-8.52e-08,-7.31e-08,1.07e-06,1.16e-07,1.5e-07,-2.67e-08,1.51e-07,7.66e-07,4.56e-07,8.01e-08,2.68e-07,3.85e-07,3.25e-07,-1.21e-08
"307","FN_094","Drug","T3_Post_drug","NBack_2",-9.12e-08,-1.65e-07,3.21e-09,-2.49e-07,-1.6e-07,-3.9e-07,-6.5e-07,-2.2e-07,-6.01e-07,-2.73e-07,-3.82e-07,-2.94e-07,-4.5e-07,-4.14e-07,-1.94e-07,-4.46e-07,-1.41e-07,-3.48e-07,-3.57e-07,-2.97e-07,-2.39e-07,-1.59e-07,-4.9e-07,-3.87e-07,-2.54e-07
"308","FN_097","Drug","T3_Post_drug","NBack_2",-2.61e-08,-3.68e-07,-1.64e-07,-5.65e-07,-3.41e-07,-6.61e-07,-6.14e-07,-9.51e-07,-1.04e-06,-4.48e-07,-3.2e-07,-5.32e-07,-6.71e-07,-5.69e-07,-4.89e-07,-6.32e-07,-2.66e-07,-4.57e-08,-5.21e-07,-1.08e-07,-3.12e-07,-4.21e-07,-6.9e-07,-4.83e-07,-4.28e-07
"309","FN_097","Drug","T3_Post_drug","NBack_2",-2.61e-08,-3.68e-07,-1.64e-07,-5.65e-07,-3.41e-07,-6.61e-07,-6.14e-07,-9.51e-07,-1.04e-06,-4.48e-07,-3.2e-07,-5.32e-07,-6.71e-07,-5.69e-07,-4.89e-07,-6.32e-07,-2.66e-07,-4.57e-08,-5.21e-07,-1.08e-07,-3.12e-07,-4.21e-07,-6.9e-07,-4.83e-07,-4.28e-07
